x;y;sp;ref;obs
-48.808;-25.383;Anoura caudifer;Muylaert et al.;2017
-48.716667;-25.75;Anoura caudifer;Muylaert et al.;2017
-49.08;-27.06;Anoura caudifer;Muylaert et al.;2017
-49.185358;-27.109626;Anoura caudifer;Muylaert et al.;2017
-49.25528;-28.48361;Anoura caudifer;Muylaert et al.;2017
-49.525556;-28.489444;Anoura caudifer;UNESC;-
-48.794167;-26.471667;Anoura caudifer;UNESC;-
-49.432222;-28.69;Anoura caudifer;UNESC;-
-48.788333;-26.099167;Anoura caudifer;UNESC;-
-49.444167;-26.591944;Anoura caudifer;UNESC;-
-49.928611;-28.788333;Anoura caudifer;UNESC;-
-49.266667;-28.533333;Anoura caudifer;UNESC;-
-48.9795;-27.437029;Anoura caudifer;FURB;-
-49.1287395;-27.9041185;Anoura caudifer;FURB;-
-48.66960526;-27.49944032;Anoura caudifer;FURB;-
-49.09315;-27.052057;Anoura caudifer;FURB;-
-49.485014;-26.713041;Anoura caudifer;FURB;-
-48.50532532;-27.61540601;Anoura caudifer;FURB;-
-48.8545202;-26.0294904;Anoura caudifer;FURB;-
-49.0294468;-26.8652381;Anoura caudifer;FURB;-
-48.93949986;-26.88020099;Anoura caudifer;FURB;-
-48.9566824;-26.9307306;Anoura caudifer;FURB;-
-48.551539;-27.316626;Anoura caudifer;FURB;-
-49.002628;-26.468753;Anoura caudifer;FURB;-
-48.2983017;-25.29002539;Anoura caudifer;FURB;-
-49.520352;-27.133467;Anoura caudifer;FURB;-
-49.2318821;-26.93140602;Anoura caudifer;FURB;-
-49.963;-26.493;Anoura caudifer;FURB;-
-49.5306;-27.1353;Anoura caudifer;FURB;-
-48.9967;-26.7644;Anoura caudifer;FURB;-
-49.5167;-28.6167;Anoura caudifer;FURB;-
-48.675;-26.7561;Anoura caudifer;FURB;-
-48.5528;-27.1581;Anoura caudifer;FURB;-
-49.7;-29.1361;Anoura caudifer;FURB;-
-48.808186;-27.730043;Anoura caudifer;FURB;-
-49.2832;-26.2563;Anoura caudifer;FURB;-
-48.530879;-26.26817;Anoura caudifer;FURB;-
-49.55376;-28.607792;Anoura caudifer;FURB;-
-49.8472;-28.8303;Anoura caudifer;B?lla et al.;2017
-49.5;-28.65;Anoura caudifer;B?lla et al.;2017
-49.4333;-28.5833;Anoura caudifer;B?lla et al.;2017
-49.4575;-28.5156;Anoura caudifer;B?lla et al.;2017
-49.3167;-28.5167;Anoura caudifer;B?lla et al.;2017
-49.185;-28.4358;Anoura caudifer;Carvalho et al.;2013
-48.75;-25.216667;Anoura caudifer;Miretzki;2003
-48.916667;-25.433333;Anoura caudifer;Miretzki;2003
-48.516667;-25.65;Anoura caudifer;Miretzki;2003
-48.833333;-25.466667;Anoura caudifer;Miretzki;2003
-49.863794;-29.367134;Anoura caudifer;Noronha;2016
-49.937757;-29.210591;Anoura caudifer;Noronha;2016
-50.214467;-29.650516;Anoura caudifer;Noronha;2016
-50.261588;-29.89222;Anoura caudifer;Noronha;2016
-50.52658;-29.826862;Anoura caudifer;Noronha;2016
-49.832478;-29.301122;Anoura caudifer;Noronha;2016
-48.552777;-25.582322;Anoura caudifer;Gon?alves et al;2018
-48.785556;-26.111944;Anoura caudifer;Gon?alves et al;2018
-48.670556;-26.2775;Anoura caudifer;Gon?alves et al;2018
-48.895278;-26.486944;Anoura caudifer;Gon?alves et al;2018
-48.686667;-26.843333;Anoura caudifer;Gon?alves et al;2018
-48.541389;-27.300556;Anoura caudifer;Gon?alves et al;2018
-49.3;-28.533333;Anoura caudifer;Gon?alves et al;2018
-49.395;-28.594167;Anoura caudifer;Gon?alves et al;2018
-49.411389;-28.713889;Anoura caudifer;Gon?alves et al;2018
-49.757778;-28.828333;Anoura caudifer;Gon?alves et al;2018
-50.046389;-29.202222;Anoura caudifer;Gon?alves et al;2018
-48.91667;-25.75;Anoura caudifer;GBIF;https://doi.org/10.15468/dl.jsp88q
-48.640786;-26.082798;Anoura caudifer;Sipinski e Reis;1995
-49.07266;-26.921735;Anoura caudifer;Gruener et al;2012
-49.149167;-27.05;Anoura caudifer;Althoff;2007
-49.111944;-27.059167;Anoura caudifer;Althoff;2007
-49.104868;-26.88503;Anoura caudifer;Cherem et al.;2004
-48.537919;-27.595594;Anoura caudifer;Cherem et al.;2004
-48.840653;-26.301041;Anoura caudifer;Cherem et al.;2004
-49.49884;-28.63749;Anoura caudifer;Cherem et al.;2004
-48.542233;-27.154636;Anoura caudifer;Cherem et al.;2004
-49.720348;-29.135455;Anoura caudifer;Cherem et al.;2004
-49.425789;-28.599817;Anoura caudifer;Cherem et al.;2004
-48.787897;-26.838218;Anoura caudifer;FURB;-
-49.177389;-26.871494;Anoura caudifer;FURB;-
-48.798359;-26.848146;Anoura caudifer;FURB;-
-48.99853;-26.874073;Anoura caudifer;FURB;-
-49.051223;-26.8561;Anoura caudifer;FURB;-
-49.188794;-26.872615;Anoura caudifer;FURB;-
-49.047826;-26.86757;Anoura caudifer;FURB;-
-48.971771;-26.904423;Anoura caudifer;FURB;-
-49.018005;-26.877489;Anoura caudifer;FURB;-
-48.968381;-26.918346;Anoura caudifer;FURB;-
-48.974377;-26.454371;Anoura caudifer;FURB;-
-48.981077;-26.443346;Anoura caudifer;FURB;-
-48.607589;-26.27853;Anoura caudifer;FURB;-
-48.536147;-27.748969;Anoura caudifer;FURB;-
-49.091614;-26.526028;Anoura caudifer;Portal_Da_Biodiversidade;128433
-48.919167;-25.439444;Anoura caudifer;Portal_Da_Biodiversidade;11520
-48.801111;-25.368611;Anoura caudifer;Portal_Da_Biodiversidade;28820
-48.547894;-25.595092;Anoura caudifer;Portal_Da_Biodiversidade;366379
-48.724881;-25.756842;Anoura caudifer;Portal_Da_Biodiversidade;366410
-48.559167;-25.593333;Anoura caudifer;Portal_Da_Biodiversidade;33060
-51.29;-25.111942;Anoura caudifer;Portal_Da_Biodiversidade;726278
-51.29;-25.111944;Anoura caudifer;Portal_Da_Biodiversidade;726279
-50.203292;-29.67925;Anoura caudifer;Portal_Da_Biodiversidade;9974
-49.202493;-27.11066;Anoura caudifer;Portal_Da_Biodiversidade;452940
-49.379038;-26.250757;Anoura caudifer;Portal_Da_Biodiversidade;525299
-48.283331;-25.15;Anoura caudifer;Portal_Da_Biodiversidade;549258
-48.524964;-26.250692;Anoura caudifer;Portal_Da_Biodiversidade;308930
-49.199722;-27.064167;Anoura caudifer;Portal_Da_Biodiversidade;735777
-49.666667;-26.7;Anoura caudifer;Portal_Da_Biodiversidade;82451
-48.805942;-27.734342;Anoura caudifer;Portal_Da_Biodiversidade;955470
-49.5175;-27.056667;Anoura caudifer;Portal_Da_Biodiversidade;956554
-49.378333;-26.25;Anoura caudifer;Portal_Da_Biodiversidade;956723
-48.808;-25.383;Anoura geoffroyi;Muylaert et al.;2017
-48.91900376;-25.4405836;Anoura geoffroyi;Muylaert et al.;2017
-48.519167;-25.785;Anoura geoffroyi;Muylaert et al.;2017
-49.08;-27.06;Anoura geoffroyi;Muylaert et al.;2017
-49.185358;-27.109626;Anoura geoffroyi;Muylaert et al.;2017
-49.25528;-28.48361;Anoura geoffroyi;Muylaert et al.;2017
-48.542222;-27.3;Anoura geoffroyi;UNESC;-
-49.928611;-28.788333;Anoura geoffroyi;UNESC;-
-49.266667;-28.533333;Anoura geoffroyi;UNESC;-
-49.09315;-27.052057;Anoura geoffroyi;FURB;-
-49.0658025;-26.9195567;Anoura geoffroyi;FURB;-
-49.0545355;-25.3046032;Anoura geoffroyi;FURB;-
-49.252428;-26.427656;Anoura geoffroyi;FURB;-
-48.49650621;-27.77898709;Anoura geoffroyi;FURB;-
-48.9566824;-26.9307306;Anoura geoffroyi;FURB;-
-49.0294468;-26.8652381;Anoura geoffroyi;FURB;-
-48.6643444;-28.241827;Anoura geoffroyi;FURB;-
-49.2318821;-26.93140602;Anoura geoffroyi;FURB;-
-49.963;-26.493;Anoura geoffroyi;FURB;-
-48.69;-27.72;Anoura geoffroyi;FURB;-
-49.2832;-26.2563;Anoura geoffroyi;FURB;-
-48.530879;-26.26817;Anoura geoffroyi;FURB;-
-49.8472;-28.8303;Anoura geoffroyi;B?lla et al.;2017
-49.4575;-28.5156;Anoura geoffroyi;B?lla et al.;2017
-49.3167;-28.5167;Anoura geoffroyi;B?lla et al.;2017
-49.185;-28.4358;Anoura geoffroyi;Carvalho et al.;2013
-48.5;-25.666667;Anoura geoffroyi;Miretzki;2003
-48.983333;-25.483333;Anoura geoffroyi;Miretzki;2003
-50.033333;-25.25;Anoura geoffroyi;Miretzki;2003
-48.85;-25.433333;Anoura geoffroyi;Miretzki;2003
-49.283333;-25.466667;Anoura geoffroyi;Miretzki;2003
-49.863794;-29.367134;Anoura geoffroyi;Noronha;2016
-50.261588;-29.89222;Anoura geoffroyi;Noronha;2016
-49.832478;-29.301122;Anoura geoffroyi;Noronha;2016
-49.94439;-29.442606;Anoura geoffroyi;Noronha;2016
-48.670556;-26.2775;Anoura geoffroyi;Gon?alves et al;2018
-49.3;-28.533333;Anoura geoffroyi;Gon?alves et al;2018
-49.757778;-28.828333;Anoura geoffroyi;Gon?alves et al;2018
-48.91667;-25.75;Anoura geoffroyi;GBIF;https://doi.org/10.15468/dl.jsp88q
-49.149167;-27.05;Anoura geoffroyi;Althoff;2007
-49.111944;-27.059167;Anoura geoffroyi;Althoff;2007
-49.104868;-26.88503;Anoura geoffroyi;Cherem et al.;2004
-48.537919;-27.595594;Anoura geoffroyi;Cherem et al.;2004
-49.01014;-26.871999;Anoura geoffroyi;FURB;-
-48.99853;-26.874073;Anoura geoffroyi;FURB;-
-48.6177;-26.276569;Anoura geoffroyi;FURB;-
-49.091614;-26.526028;Anoura geoffroyi;Portal_Da_Biodiversidade;128390
-48.801111;-25.368611;Anoura geoffroyi;Portal_Da_Biodiversidade;28776
-48.919167;-25.439444;Anoura geoffroyi;Portal_Da_Biodiversidade;33075
-49.183331;-28.433331;Anoura geoffroyi;Portal_Da_Biodiversidade;146394
-48.283331;-25.15;Anoura geoffroyi;Portal_Da_Biodiversidade;549256
-49.5175;-27.056667;Anoura geoffroyi;Portal_Da_Biodiversidade;956555
-49.378333;-26.25;Anoura geoffroyi;Portal_Da_Biodiversidade;956728
-48.808;-25.383;Artibeus fimbriatus;Muylaert et al.;2017
-48.91900376;-25.4405836;Artibeus fimbriatus;Muylaert et al.;2017
-48.716667;-25.75;Artibeus fimbriatus;Muylaert et al.;2017
-48.519167;-25.785;Artibeus fimbriatus;Muylaert et al.;2017
-48.64523742;-26.08014768;Artibeus fimbriatus;Muylaert et al.;2017
-49.072207;-26.902824;Artibeus fimbriatus;Muylaert et al.;2017
-49.08;-27.06;Artibeus fimbriatus;Muylaert et al.;2017
-49.185358;-27.109626;Artibeus fimbriatus;Muylaert et al.;2017
-53.40998121;-27.36189731;Artibeus fimbriatus;Muylaert et al.;2017
-49.25528;-28.48361;Artibeus fimbriatus;Muylaert et al.;2017
-48.983333;-28.6;Artibeus fimbriatus;UNESC;-
-48.453889;-27.504444;Artibeus fimbriatus;UNESC;-
-48.690278;-26.871111;Artibeus fimbriatus;UNESC;-
-48.686944;-26.839167;Artibeus fimbriatus;UNESC;-
-48.794167;-26.471667;Artibeus fimbriatus;UNESC;-
-48.613056;-27.409444;Artibeus fimbriatus;UNESC;-
-49.432222;-28.69;Artibeus fimbriatus;UNESC;-
-49.266667;-28.533333;Artibeus fimbriatus;UNESC;-
-49.411389;-28.714167;Artibeus fimbriatus;UNESC;-
-48.552222;-26.18;Artibeus fimbriatus;UNESC;-
-48.935833;-28.604722;Artibeus fimbriatus;UNESC;-
-50.9866047;-27.6270557;Artibeus fimbriatus;FURB;-
-53.0112648;-27.24547299;Artibeus fimbriatus;FURB;-
-48.9795;-27.437029;Artibeus fimbriatus;FURB;-
-49.09315;-27.052057;Artibeus fimbriatus;FURB;-
-49.114639;-26.865036;Artibeus fimbriatus;FURB;-
-49.0658025;-26.9195567;Artibeus fimbriatus;FURB;-
-48.5294135;-27.1793352;Artibeus fimbriatus;FURB;-
-52.8740195;-27.1728962;Artibeus fimbriatus;FURB;-
-52.7082221;-27.166352;Artibeus fimbriatus;FURB;-
-49.3248697;-28.6007346;Artibeus fimbriatus;FURB;-
-52.7028055;-26.9058932;Artibeus fimbriatus;FURB;-
-49.252428;-26.427656;Artibeus fimbriatus;FURB;-
-49.485014;-26.713041;Artibeus fimbriatus;FURB;-
-48.50532532;-27.61540601;Artibeus fimbriatus;FURB;-
-48.53343487;-27.73140099;Artibeus fimbriatus;FURB;-
-48.5500595;-27.5929253;Artibeus fimbriatus;FURB;-
-48.52124829;-27.60041275;Artibeus fimbriatus;FURB;-
-48.49650621;-27.77898709;Artibeus fimbriatus;FURB;-
-49.0294468;-26.8652381;Artibeus fimbriatus;FURB;-
-48.9566824;-26.9307306;Artibeus fimbriatus;FURB;-
-48.93949986;-26.88020099;Artibeus fimbriatus;FURB;-
-48.551539;-27.316626;Artibeus fimbriatus;FURB;-
-48.7308594;-25.6155819;Artibeus fimbriatus;FURB;-
-49.520352;-27.133467;Artibeus fimbriatus;FURB;-
-49.2318821;-26.93140602;Artibeus fimbriatus;FURB;-
-49.7603204;-28.999338;Artibeus fimbriatus;FURB;-
-49.5306;-27.1353;Artibeus fimbriatus;FURB;-
-49.5167;-28.6167;Artibeus fimbriatus;FURB;-
-48.69;-27.72;Artibeus fimbriatus;FURB;-
-48.3888;-25.5498;Artibeus fimbriatus;FURB;-
-48.5528;-27.1581;Artibeus fimbriatus;FURB;-
-49.6431;-27.2144;Artibeus fimbriatus;FURB;-
-48.808186;-27.730043;Artibeus fimbriatus;FURB;-
-49.2832;-26.2563;Artibeus fimbriatus;FURB;-
-52.543247;-26.614074;Artibeus fimbriatus;FURB;-
-48.655193;-26.29824;Artibeus fimbriatus;FURB;-
-48.530879;-26.26817;Artibeus fimbriatus;FURB;-
-48.6275;-27.6153;Artibeus fimbriatus;FURB;-
-49.55376;-28.607792;Artibeus fimbriatus;FURB;-
-51.293763;-27.100498;Artibeus fimbriatus;FURB;-
-49.2117;-26.7681;Artibeus fimbriatus;FURB;-
-49.2967;-26.8017;Artibeus fimbriatus;FURB;-
-49.8472;-28.8303;Artibeus fimbriatus;B?lla et al.;2017
-49.5;-28.65;Artibeus fimbriatus;B?lla et al.;2017
-49.378141;-28.68426;Artibeus fimbriatus;B?lla et al.;2017
-49.024953;-28.616736;Artibeus fimbriatus;Carvalho et al.;2009
-49.3167;-28.5167;Artibeus fimbriatus;B?lla et al.;2017
-49.185;-28.4358;Artibeus fimbriatus;Carvalho et al.;2013
-49.233333;-25.383333;Artibeus fimbriatus;Miretzki;2003
-49.266667;-25.416667;Artibeus fimbriatus;Miretzki;2003
-49.183333;-25.916667;Artibeus fimbriatus;Miretzki;2003
-48.433333;-25.183333;Artibeus fimbriatus;Miretzki;2003
-48.75;-25.75;Artibeus fimbriatus;Miretzki;2003
-48.866667;-25.416667;Artibeus fimbriatus;Miretzki;2003
-48.833333;-25.466667;Artibeus fimbriatus;Miretzki;2003
-48.5;-25.516667;Artibeus fimbriatus;Miretzki;2003
-48.85;-25.433333;Artibeus fimbriatus;Miretzki;2003
-48.566667;-25.8;Artibeus fimbriatus;Miretzki;2003
-53.18345;-27.361935;Artibeus fimbriatus;Noronha;2016
-49.863794;-29.367134;Artibeus fimbriatus;Noronha;2016
-49.937757;-29.210591;Artibeus fimbriatus;Noronha;2016
-50.261588;-29.89222;Artibeus fimbriatus;Noronha;2016
-50.455817;-29.641954;Artibeus fimbriatus;Noronha;2016
-50.779692;-29.655167;Artibeus fimbriatus;Noronha;2016
-49.832478;-29.301122;Artibeus fimbriatus;Noronha;2016
-53.896539;-27.250267;Artibeus fimbriatus;Noronha;2016
-50.588729;-29.451421;Artibeus fimbriatus;Noronha;2016
-54.65;-27.033333;Artibeus fimbriatus;Barquez;1999
-48.552777;-25.582322;Artibeus fimbriatus;Gon?alves et al;2018
-48.670556;-26.2775;Artibeus fimbriatus;Gon?alves et al;2018
-48.895278;-26.486944;Artibeus fimbriatus;Gon?alves et al;2018
-48.696389;-26.729722;Artibeus fimbriatus;Gon?alves et al;2018
-48.541389;-27.300556;Artibeus fimbriatus;Gon?alves et al;2018
-48.620278;-27.427222;Artibeus fimbriatus;Gon?alves et al;2018
-48.466111;-27.516944;Artibeus fimbriatus;Gon?alves et al;2018
-49.524444;-28.489167;Artibeus fimbriatus;Gon?alves et al;2018
-49.3;-28.533333;Artibeus fimbriatus;Gon?alves et al;2018
-48.973333;-28.585278;Artibeus fimbriatus;Gon?alves et al;2018
-48.988611;-28.633333;Artibeus fimbriatus;Gon?alves et al;2018
-49.703889;-28.672222;Artibeus fimbriatus;Gon?alves et al;2018
-49.929722;-28.788611;Artibeus fimbriatus;Gon?alves et al;2018
-50.046389;-29.202222;Artibeus fimbriatus;Gon?alves et al;2018
-49.733605;-27.217792;Artibeus fimbriatus;GBIF;https://doi.org/10.15468/dl.jsp88q
-48.91667;-25.75;Artibeus fimbriatus;GBIF;https://doi.org/10.15468/dl.jsp88q
-49.083333;-26.916667;Artibeus fimbriatus;Gruener et al;2012
-49.149167;-27.05;Artibeus fimbriatus;Althoff;2007
-49.111944;-27.059167;Artibeus fimbriatus;Althoff;2007
-49.104868;-26.88503;Artibeus fimbriatus;Cherem et al.;2004
-48.537919;-27.595594;Artibeus fimbriatus;Cherem et al.;2004
-49.147958;-28.559057;Artibeus fimbriatus;Cherem et al.;2004
-48.816667;-27.716667;Artibeus fimbriatus;Cherem et al.;2011
-53.878976;-25.458903;Artibeus fimbriatus;Sekiama et al;2001
-48.798359;-26.848146;Artibeus fimbriatus;FURB;-
-48.78262;-26.83744;Artibeus fimbriatus;FURB;-
-48.99853;-26.874073;Artibeus fimbriatus;FURB;-
-49.007635;-26.869085;Artibeus fimbriatus;FURB;-
-49.051223;-26.8561;Artibeus fimbriatus;FURB;-
-49.177389;-26.871494;Artibeus fimbriatus;FURB;-
-49.188794;-26.872615;Artibeus fimbriatus;FURB;-
-48.968381;-26.918346;Artibeus fimbriatus;FURB;-
-49.044091;-26.864747;Artibeus fimbriatus;FURB;-
-49.018005;-26.877489;Artibeus fimbriatus;FURB;-
-48.971771;-26.904423;Artibeus fimbriatus;FURB;-
-48.974377;-26.454371;Artibeus fimbriatus;FURB;-
-48.981077;-26.443346;Artibeus fimbriatus;FURB;-
-48.607589;-26.27853;Artibeus fimbriatus;FURB;-
-48.6177;-26.276569;Artibeus fimbriatus;FURB;-
-48.536147;-27.748969;Artibeus fimbriatus;FURB;-
-48.515436;-27.741461;Artibeus fimbriatus;FURB;-
-48.508023;-27.720043;Artibeus fimbriatus;FURB;-
-49.091614;-26.526028;Artibeus fimbriatus;Portal_Da_Biodiversidade;128363
-48.990833;-25.515556;Artibeus fimbriatus;Portal_Da_Biodiversidade;11419
-48.573461;-26.367483;Artibeus fimbriatus;Portal_Da_Biodiversidade;473608
-48.570911;-26.3651;Artibeus fimbriatus;Portal_Da_Biodiversidade;473629
-48.801111;-25.368611;Artibeus fimbriatus;Portal_Da_Biodiversidade;28777
-48.547894;-25.595092;Artibeus fimbriatus;Portal_Da_Biodiversidade;366380
-48.724881;-25.756842;Artibeus fimbriatus;Portal_Da_Biodiversidade;366407
-51.482778;-25.354444;Artibeus fimbriatus;Portal_Da_Biodiversidade;418289
-48.919167;-25.439444;Artibeus fimbriatus;Portal_Da_Biodiversidade;33079
-51.29;-25.111942;Artibeus fimbriatus;Portal_Da_Biodiversidade;726285
-50.04675;-29.201194;Artibeus fimbriatus;Portal_Da_Biodiversidade;917037
-51.016667;-30.066667;Artibeus fimbriatus;Portal_Da_Biodiversidade;198378
-51.116667;-29.366667;Artibeus fimbriatus;Portal_Da_Biodiversidade;165507
-49.426953;-28.704589;Artibeus fimbriatus;Portal_Da_Biodiversidade;43917
-48.283331;-25.15;Artibeus fimbriatus;Portal_Da_Biodiversidade;549243
-49.515175;-27.038206;Artibeus fimbriatus;Portal_Da_Biodiversidade;308931
-49.292767;-26.441028;Artibeus fimbriatus;Portal_Da_Biodiversidade;308934
-48.697992;-26.244556;Artibeus fimbriatus;Portal_Da_Biodiversidade;308950
-51.265803;-27.101456;Artibeus fimbriatus;Portal_Da_Biodiversidade;308956
-48.524964;-26.250692;Artibeus fimbriatus;Portal_Da_Biodiversidade;308963
-52.544278;-26.652981;Artibeus fimbriatus;Portal_Da_Biodiversidade;308971
-49.57105;-27.036117;Artibeus fimbriatus;Portal_Da_Biodiversidade;308986
-49.066389;-26.919722;Artibeus fimbriatus;Portal_Da_Biodiversidade;955343
-48.805942;-27.734342;Artibeus fimbriatus;Portal_Da_Biodiversidade;955471
-49.5175;-27.056667;Artibeus fimbriatus;Portal_Da_Biodiversidade;956568
-49.378333;-26.25;Artibeus fimbriatus;Portal_Da_Biodiversidade;956733
-48.808;-25.383;Artibeus lituratus;Muylaert et al.;2017
-48.91900376;-25.4405836;Artibeus lituratus;Muylaert et al.;2017
-48.716667;-25.75;Artibeus lituratus;Muylaert et al.;2017
-48.519167;-25.785;Artibeus lituratus;Muylaert et al.;2017
-48.64523742;-26.08014768;Artibeus lituratus;Muylaert et al.;2017
-49.072207;-26.902824;Artibeus lituratus;Muylaert et al.;2017
-49.08;-27.06;Artibeus lituratus;Muylaert et al.;2017
-49.185358;-27.109626;Artibeus lituratus;Muylaert et al.;2017
-53.40998121;-27.36189731;Artibeus lituratus;Muylaert et al.;2017
-50.75206644;-27.88195243;Artibeus lituratus;Muylaert et al.;2017
-49.25528;-28.48361;Artibeus lituratus;Muylaert et al.;2017
-49.36722222;-28.67444444;Artibeus lituratus;Muylaert et al.;2017
-48.983333;-28.6;Artibeus lituratus;UNESC;-
-49.525556;-28.489444;Artibeus lituratus;UNESC;-
-48.453889;-27.504444;Artibeus lituratus;UNESC;-
-48.690278;-26.871111;Artibeus lituratus;UNESC;-
-48.686944;-26.839167;Artibeus lituratus;UNESC;-
-48.794167;-26.471667;Artibeus lituratus;UNESC;-
-48.613056;-27.409444;Artibeus lituratus;UNESC;-
-49.432222;-28.69;Artibeus lituratus;UNESC;-
-49.309722;-28.781111;Artibeus lituratus;UNESC;-
-49.411389;-28.714167;Artibeus lituratus;UNESC;-
-49.444167;-26.591944;Artibeus lituratus;UNESC;-
-49.266667;-28.533333;Artibeus lituratus;UNESC;-
-48.698611;-26.730556;Artibeus lituratus;UNESC;-
-49.646944;-28.8975;Artibeus lituratus;UNESC;-
-52.8599756;-26.8817187;Artibeus lituratus;FURB;-
-53.0112648;-27.24547299;Artibeus lituratus;FURB;-
-48.9795;-27.437029;Artibeus lituratus;FURB;-
-49.09315;-27.052057;Artibeus lituratus;FURB;-
-49.114639;-26.865036;Artibeus lituratus;FURB;-
-49.0658025;-26.9195567;Artibeus lituratus;FURB;-
-48.5294135;-27.1793352;Artibeus lituratus;FURB;-
-48.9136323;-27.0964628;Artibeus lituratus;FURB;-
-49.272142;-26.191662;Artibeus lituratus;FURB;-
-52.8740195;-27.1728962;Artibeus lituratus;FURB;-
-52.7082221;-27.166352;Artibeus lituratus;FURB;-
-49.3248697;-28.6007346;Artibeus lituratus;FURB;-
-49.252428;-26.427656;Artibeus lituratus;FURB;-
-49.485014;-26.713041;Artibeus lituratus;FURB;-
-48.5500595;-27.5929253;Artibeus lituratus;FURB;-
-48.52124829;-27.60041275;Artibeus lituratus;FURB;-
-48.53343487;-27.73140099;Artibeus lituratus;FURB;-
-48.50532532;-27.61540601;Artibeus lituratus;FURB;-
-48.49650621;-27.77898709;Artibeus lituratus;FURB;-
-48.8545202;-26.0294904;Artibeus lituratus;FURB;-
-49.0294468;-26.8652381;Artibeus lituratus;FURB;-
-48.9566824;-26.9307306;Artibeus lituratus;FURB;-
-48.93949986;-26.88020099;Artibeus lituratus;FURB;-
-49.0226703;-27.1286985;Artibeus lituratus;FURB;-
-49.002628;-26.468753;Artibeus lituratus;FURB;-
-52.8079319;-27.1636407;Artibeus lituratus;FURB;-
-49.520352;-27.133467;Artibeus lituratus;FURB;-
-48.6643444;-28.241827;Artibeus lituratus;FURB;-
-49.2318821;-26.93140602;Artibeus lituratus;FURB;-
-52.556009;-26.66869;Artibeus lituratus;FURB;-
-48.66524734;-26.91694175;Artibeus lituratus;FURB;-
-48.60894442;-26.18028129;Artibeus lituratus;FURB;-
-49.7603204;-28.999338;Artibeus lituratus;FURB;-
-49.5306;-27.1353;Artibeus lituratus;FURB;-
-48.8;-25.5667;Artibeus lituratus;FURB;-
-48.64986;-26.879002;Artibeus lituratus;FURB;-
-49.5167;-28.6167;Artibeus lituratus;FURB;-
-48.69;-27.72;Artibeus lituratus;FURB;-
-48.5528;-27.1581;Artibeus lituratus;FURB;-
-52.608143;-26.677025;Artibeus lituratus;FURB;-
-49.6431;-27.2144;Artibeus lituratus;FURB;-
-49.7;-29.1361;Artibeus lituratus;FURB;-
-48.808186;-27.730043;Artibeus lituratus;FURB;-
-52.543247;-26.614074;Artibeus lituratus;FURB;-
-48.530879;-26.26817;Artibeus lituratus;FURB;-
-50.3828;-25.8744;Artibeus lituratus;FURB;-
-49.55376;-28.607792;Artibeus lituratus;FURB;-
-51.293763;-27.100498;Artibeus lituratus;FURB;-
-49.8472;-28.8303;Artibeus lituratus;B?lla et al.;2017
-49.6833;-28.9333;Artibeus lituratus;B?lla et al.;2017
-49.5;-28.65;Artibeus lituratus;B?lla et al.;2017
-49.378141;-28.68426;Artibeus lituratus;B?lla et al.;2017
-49.024953;-28.616736;Artibeus lituratus;Carvalho et al.;2009
-49.4575;-28.5156;Artibeus lituratus;B?lla et al.;2017
-49.3167;-28.5167;Artibeus lituratus;B?lla et al.;2017
-49.185;-28.4358;Artibeus lituratus;Carvalho et al.;2013
-49.233333;-25.516667;Artibeus lituratus;Miretzki;2003
-48.75;-25.216667;Artibeus lituratus;Miretzki;2003
-49.283333;-25.433333;Artibeus lituratus;Miretzki;2003
-49.266667;-25.4;Artibeus lituratus;Miretzki;2003
-49.233333;-25.483333;Artibeus lituratus;Miretzki;2003
-49.133333;-25.416667;Artibeus lituratus;Miretzki;2003
-49.216667;-25.416667;Artibeus lituratus;Miretzki;2003
-49.266667;-25.416667;Artibeus lituratus;Miretzki;2003
-48.583333;-25.25;Artibeus lituratus;Miretzki;2003
-48.5;-25.666667;Artibeus lituratus;Miretzki;2003
-49.216667;-25.283333;Artibeus lituratus;Miretzki;2003
-49.216667;-25.45;Artibeus lituratus;Miretzki;2003
-49.233333;-25.416667;Artibeus lituratus;Miretzki;2003
-49.366667;-25.35;Artibeus lituratus;Miretzki;2003
-48.433333;-25.183333;Artibeus lituratus;Miretzki;2003
-48.75;-25.75;Artibeus lituratus;Miretzki;2003
-48.866667;-25.416667;Artibeus lituratus;Miretzki;2003
-48.833333;-25.466667;Artibeus lituratus;Miretzki;2003
-50;-25.416667;Artibeus lituratus;Miretzki;2003
-49.183333;-25.433333;Artibeus lituratus;Miretzki;2003
-49.05;-25.433333;Artibeus lituratus;Miretzki;2003
-48.85;-25.433333;Artibeus lituratus;Miretzki;2003
-48.566667;-25.8;Artibeus lituratus;Miretzki;2003
-49.25;-25.466667;Artibeus lituratus;Miretzki;2003
-49.863794;-29.367134;Artibeus lituratus;Noronha;2016
-49.937757;-29.210591;Artibeus lituratus;Noronha;2016
-50.261588;-29.89222;Artibeus lituratus;Noronha;2016
-50.52658;-29.826862;Artibeus lituratus;Noronha;2016
-50.779692;-29.655167;Artibeus lituratus;Noronha;2016
-49.832478;-29.301122;Artibeus lituratus;Noronha;2016
-53.896539;-27.250267;Artibeus lituratus;Noronha;2016
-52.77679;-27.365134;Artibeus lituratus;Noronha;2016
-50.588729;-29.451421;Artibeus lituratus;Noronha;2016
-54.65;-27.033333;Artibeus lituratus;Barquez;1999
-54.283333;-25.966667;Artibeus lituratus;Barquez;1999
-54.05;-27.183333;Artibeus lituratus;Barquez;1999
-53.9;-27.133333;Artibeus lituratus;Barquez;1999
-53.8;-26.833333;Artibeus lituratus;Barquez;1999
-48.552777;-25.582322;Artibeus lituratus;Gon?alves et al;2018
-48.670556;-26.2775;Artibeus lituratus;Gon?alves et al;2018
-48.895278;-26.486944;Artibeus lituratus;Gon?alves et al;2018
-48.620278;-26.807778;Artibeus lituratus;Gon?alves et al;2018
-48.541389;-27.300556;Artibeus lituratus;Gon?alves et al;2018
-48.620278;-27.427222;Artibeus lituratus;Gon?alves et al;2018
-48.466111;-27.516944;Artibeus lituratus;Gon?alves et al;2018
-49.3;-28.533333;Artibeus lituratus;Gon?alves et al;2018
-49.395;-28.594167;Artibeus lituratus;Gon?alves et al;2018
-48.988611;-28.633333;Artibeus lituratus;Gon?alves et al;2018
-49.703889;-28.672222;Artibeus lituratus;Gon?alves et al;2018
-49.929722;-28.788611;Artibeus lituratus;Gon?alves et al;2018
-49.757778;-28.828333;Artibeus lituratus;Gon?alves et al;2018
-49.677222;-28.891944;Artibeus lituratus;Gon?alves et al;2018
-50.046389;-29.202222;Artibeus lituratus;Gon?alves et al;2018
-54.1279;-25.8271;Artibeus lituratus;GBIF;https://doi.org/10.15468/dl.jsp88q
-48.91667;-25.75;Artibeus lituratus;GBIF;https://doi.org/10.15468/dl.jsp88q
-49.39698;-26.98501;Artibeus lituratus;GBIF;https://doi.org/10.15468/dl.jsp88q
-54.043863;-27.238043;Artibeus lituratus;GBIF;https://doi.org/10.15468/dl.jsp88q
-53.924259;-27.137491;Artibeus lituratus;GBIF;https://doi.org/10.15468/dl.jsp88q
-54.249716;-25.837081;Artibeus lituratus;GBIF;https://doi.org/10.15468/dl.jsp88q
-48.833332;-26.299999;Artibeus lituratus;GBIF;https://doi.org/10.15468/dl.jsp88q
-54.17317;-26.37299;Artibeus lituratus;GBIF;https://doi.org/10.15468/dl.jsp88q
-54.5;-26.98333;Artibeus lituratus;GBIF;https://doi.org/10.15468/dl.jsp88q
-54.65;-27.26667;Artibeus lituratus;GBIF;https://doi.org/10.15468/dl.jsp88q
-50.83417;-28.032377;Artibeus lituratus;Reus;2009
-50.71444;-28.295769;Artibeus lituratus;Reus;2009
-51.14516;-27.790466;Artibeus lituratus;Reus;2009
-49.083333;-26.916667;Artibeus lituratus;Gruener et al;2012
-49.149167;-27.05;Artibeus lituratus;Althoff;2007
-49.111944;-27.059167;Artibeus lituratus;Althoff;2007
-49.104868;-26.88503;Artibeus lituratus;Cherem et al.;2004
-48.537919;-27.595594;Artibeus lituratus;Cherem et al.;2004
-49.49884;-28.63749;Artibeus lituratus;Cherem et al.;2004
-48.542233;-27.154636;Artibeus lituratus;Cherem et al.;2004
-49.720348;-29.135455;Artibeus lituratus;Cherem et al.;2004
-48.777488;-27.686408;Artibeus lituratus;Cherem et al.;2004
-49.425789;-28.599817;Artibeus lituratus;Cherem et al.;2004
-49.147958;-28.559057;Artibeus lituratus;Cherem et al.;2004
-48.816667;-27.716667;Artibeus lituratus;Cherem et al.;2011
-53.878976;-25.458903;Artibeus lituratus;Sekiama et al;2001
-48.99853;-26.874073;Artibeus lituratus;FURB;-
-48.971771;-26.904423;Artibeus lituratus;FURB;-
-48.78262;-26.83744;Artibeus lituratus;FURB;-
-49.051223;-26.8561;Artibeus lituratus;FURB;-
-49.188794;-26.872615;Artibeus lituratus;FURB;-
-49.007635;-26.869085;Artibeus lituratus;FURB;-
-48.968381;-26.918346;Artibeus lituratus;FURB;-
-48.962447;-26.908477;Artibeus lituratus;FURB;-
-49.044091;-26.864747;Artibeus lituratus;FURB;-
-48.798359;-26.848146;Artibeus lituratus;FURB;-
-49.177389;-26.871494;Artibeus lituratus;FURB;-
-49.018005;-26.877489;Artibeus lituratus;FURB;-
-48.607589;-26.27853;Artibeus lituratus;FURB;-
-48.6177;-26.276569;Artibeus lituratus;FURB;-
-48.981077;-26.443346;Artibeus lituratus;FURB;-
-48.974377;-26.454371;Artibeus lituratus;FURB;-
-48.5104;-27.728783;Artibeus lituratus;FURB;-
-48.536147;-27.748969;Artibeus lituratus;FURB;-
-48.515436;-27.741461;Artibeus lituratus;FURB;-
-48.520844;-27.717584;Artibeus lituratus;FURB;-
-49.091614;-26.526028;Artibeus lituratus;Portal_Da_Biodiversidade;128398
-53.433611;-27.396944;Artibeus lituratus;Portal_Da_Biodiversidade;1873
-48.573461;-26.367483;Artibeus lituratus;Portal_Da_Biodiversidade;473607
-48.570911;-26.3651;Artibeus lituratus;Portal_Da_Biodiversidade;473626
-48.801111;-25.368611;Artibeus lituratus;Portal_Da_Biodiversidade;28778
-48.547897;-25.595092;Artibeus lituratus;Portal_Da_Biodiversidade;366370
-48.547894;-25.595092;Artibeus lituratus;Portal_Da_Biodiversidade;366372
-48.550469;-25.597256;Artibeus lituratus;Portal_Da_Biodiversidade;366394
-48.550467;-25.597256;Artibeus lituratus;Portal_Da_Biodiversidade;366406
-48.724881;-25.756842;Artibeus lituratus;Portal_Da_Biodiversidade;366409
-48.330528;-25.318219;Artibeus lituratus;Portal_Da_Biodiversidade;367483
-53.886106;-27.145556;Artibeus lituratus;Portal_Da_Biodiversidade;487140
-48.559167;-25.593333;Artibeus lituratus;Portal_Da_Biodiversidade;33032
-49.177778;-25.672778;Artibeus lituratus;Portal_Da_Biodiversidade;33153
-48.919167;-25.439444;Artibeus lituratus;Portal_Da_Biodiversidade;33161
-51.29;-25.111944;Artibeus lituratus;Portal_Da_Biodiversidade;726272
-51.29;-25.111942;Artibeus lituratus;Portal_Da_Biodiversidade;726273
-54.434875;-25.679781;Artibeus lituratus;Portal_Da_Biodiversidade;91703
-50.04675;-29.201194;Artibeus lituratus;Portal_Da_Biodiversidade;917038
-49.216667;-25.433331;Artibeus lituratus;Portal_Da_Biodiversidade;1013347
-52.457328;-28.241367;Artibeus lituratus;Portal_Da_Biodiversidade;111972
-53.069414;-26.0755;Artibeus lituratus;Portal_Da_Biodiversidade;145398
-53.069356;-26.075531;Artibeus lituratus;Portal_Da_Biodiversidade;146464
-49.183331;-28.433331;Artibeus lituratus;Portal_Da_Biodiversidade;146645
-49.452167;-28.547808;Artibeus lituratus;Portal_Da_Biodiversidade;136101
-49.388611;-28.708889;Artibeus lituratus;Portal_Da_Biodiversidade;4046
-49.066538;-26.919926;Artibeus lituratus;Portal_Da_Biodiversidade;525352
-49.426953;-28.704589;Artibeus lituratus;Portal_Da_Biodiversidade;43993
-51.178611;-29.189167;Artibeus lituratus;Portal_Da_Biodiversidade;534855
-48.283331;-25.15;Artibeus lituratus;Portal_Da_Biodiversidade;549245
-48.697992;-26.244556;Artibeus lituratus;Portal_Da_Biodiversidade;308912
-52.546303;-26.657767;Artibeus lituratus;Portal_Da_Biodiversidade;308957
-48.524964;-26.250692;Artibeus lituratus;Portal_Da_Biodiversidade;308964
-51.265803;-27.101456;Artibeus lituratus;Portal_Da_Biodiversidade;308967
-52.544278;-26.652981;Artibeus lituratus;Portal_Da_Biodiversidade;308972
-49.515175;-27.038208;Artibeus lituratus;Portal_Da_Biodiversidade;309003
-49.292767;-26.441028;Artibeus lituratus;Portal_Da_Biodiversidade;309010
-52.600592;-27.186658;Artibeus lituratus;Portal_Da_Biodiversidade;80977
-48.973056;-28.585278;Artibeus lituratus;Portal_Da_Biodiversidade;907924
-49.066389;-26.919722;Artibeus lituratus;Portal_Da_Biodiversidade;955352
-48.805942;-27.734342;Artibeus lituratus;Portal_Da_Biodiversidade;955477
-51.020556;-27.5875;Artibeus lituratus;Portal_Da_Biodiversidade;956132
-48.980833;-27.085556;Artibeus lituratus;Portal_Da_Biodiversidade;956167
-49.5175;-27.056667;Artibeus lituratus;Portal_Da_Biodiversidade;956556
-52.531389;-26.557778;Artibeus lituratus;Portal_Da_Biodiversidade;956857
-48.808;-25.383;Artibeus obscurus;Muylaert et al.;2017
-48.91900376;-25.4405836;Artibeus obscurus;Muylaert et al.;2017
-48.716667;-25.75;Artibeus obscurus;Muylaert et al.;2017
-48.519167;-25.785;Artibeus obscurus;Muylaert et al.;2017
-49.08;-27.06;Artibeus obscurus;Muylaert et al.;2017
-49.185358;-27.109626;Artibeus obscurus;Muylaert et al.;2017
-49.25528;-28.48361;Artibeus obscurus;Muylaert et al.;2017
-49.525556;-28.489444;Artibeus obscurus;UNESC;-
-48.613056;-27.409444;Artibeus obscurus;UNESC;-
-49.432222;-28.69;Artibeus obscurus;UNESC;-
-48.788333;-26.099167;Artibeus obscurus;UNESC;-
-49.266667;-28.533333;Artibeus obscurus;UNESC;-
-48.983333;-28.6;Artibeus obscurus;UNESC;-
-49.646944;-28.8975;Artibeus obscurus;UNESC;-
-49.444167;-26.591944;Artibeus obscurus;UNESC;-
-49.09315;-27.052057;Artibeus obscurus;FURB;-
-48.8545202;-26.0294904;Artibeus obscurus;FURB;-
-48.9566824;-26.9307306;Artibeus obscurus;FURB;-
-48.93949986;-26.88020099;Artibeus obscurus;FURB;-
-48.7308594;-25.6155819;Artibeus obscurus;FURB;-
-48.794687;-26.842005;Artibeus obscurus;FURB;-
-49.2318821;-26.93140602;Artibeus obscurus;FURB;-
-48.5528;-27.1581;Artibeus obscurus;FURB;-
-48.808186;-27.730043;Artibeus obscurus;FURB;-
-49.2832;-26.2563;Artibeus obscurus;FURB;-
-48.530879;-26.26817;Artibeus obscurus;FURB;-
-49.8472;-28.8303;Artibeus obscurus;B?lla et al.;2017
-49.6833;-28.9333;Artibeus obscurus;B?lla et al.;2017
-49.4333;-28.5833;Artibeus obscurus;B?lla et al.;2017
-49.024953;-28.616736;Artibeus obscurus;Carvalho et al.;2009
-49.3167;-28.5167;Artibeus obscurus;B?lla et al.;2017
-49.185;-28.4358;Artibeus obscurus;Carvalho et al.;2013
-49.216667;-25.416667;Artibeus obscurus;Miretzki;2003
-48.616667;-25.966667;Artibeus obscurus;Miretzki;2003
-48.9;-25.983333;Artibeus obscurus;Miretzki;2003
-48.5;-25.666667;Artibeus obscurus;Miretzki;2003
-48.433333;-25.183333;Artibeus obscurus;Miretzki;2003
-48.75;-25.75;Artibeus obscurus;Miretzki;2003
-48.866667;-25.416667;Artibeus obscurus;Miretzki;2003
-48.85;-25.433333;Artibeus obscurus;Miretzki;2003
-48.316667;-25.3;Artibeus obscurus;Miretzki;2003
-48.552777;-25.582322;Artibeus obscurus;Gon?alves et al;2018
-48.785556;-26.111944;Artibeus obscurus;Gon?alves et al;2018
-48.620278;-27.427222;Artibeus obscurus;Gon?alves et al;2018
-49.3;-28.533333;Artibeus obscurus;Gon?alves et al;2018
-48.988611;-28.633333;Artibeus obscurus;Gon?alves et al;2018
-49.929722;-28.788611;Artibeus obscurus;Gon?alves et al;2018
-49.757778;-28.828333;Artibeus obscurus;Gon?alves et al;2018
-49.677222;-28.891944;Artibeus obscurus;Gon?alves et al;2018
-48.91667;-25.75;Artibeus obscurus;GBIF;https://doi.org/10.15468/dl.jsp88q
-49.149167;-27.05;Artibeus obscurus;Althoff;2007
-49.111944;-27.059167;Artibeus obscurus;Althoff;2007
-49.104868;-26.88503;Artibeus obscurus;Cherem et al.;2004
-48.542233;-27.154636;Artibeus obscurus;Cherem et al.;2004
-48.816667;-27.716667;Artibeus obscurus;Cherem et al.;2011
-53.878976;-25.458903;Artibeus obscurus;Sekiama et al;2001
-48.99853;-26.874073;Artibeus obscurus;FURB;-
-49.188794;-26.872615;Artibeus obscurus;FURB;-
-49.007635;-26.869085;Artibeus obscurus;FURB;-
-49.044091;-26.864747;Artibeus obscurus;FURB;-
-48.968381;-26.918346;Artibeus obscurus;FURB;-
-48.981077;-26.443346;Artibeus obscurus;FURB;-
-48.6177;-26.276569;Artibeus obscurus;FURB;-
-48.607589;-26.27853;Artibeus obscurus;FURB;-
-48.974377;-26.454371;Artibeus obscurus;FURB;-
-48.536147;-27.748969;Artibeus obscurus;FURB;-
-48.5104;-27.728783;Artibeus obscurus;FURB;-
-48.573461;-26.367483;Artibeus obscurus;Portal_Da_Biodiversidade;473605
-48.801111;-25.368611;Artibeus obscurus;Portal_Da_Biodiversidade;28779
-48.547894;-25.595092;Artibeus obscurus;Portal_Da_Biodiversidade;366377
-48.550469;-25.597256;Artibeus obscurus;Portal_Da_Biodiversidade;366395
-48.724881;-25.756842;Artibeus obscurus;Portal_Da_Biodiversidade;366408
-53.069414;-26.0755;Artibeus obscurus;Portal_Da_Biodiversidade;145399
-49.183331;-28.433331;Artibeus obscurus;Portal_Da_Biodiversidade;147064
-48.283331;-25.15;Artibeus obscurus;Portal_Da_Biodiversidade;549241
-48.697992;-26.244556;Artibeus obscurus;Portal_Da_Biodiversidade;308911
-48.524964;-26.250692;Artibeus obscurus;Portal_Da_Biodiversidade;308952
-49.066389;-26.919722;Artibeus obscurus;Portal_Da_Biodiversidade;955361
-48.805942;-27.734342;Artibeus obscurus;Portal_Da_Biodiversidade;955508
-49.378333;-26.25;Artibeus obscurus;Portal_Da_Biodiversidade;956796
-48.55;-25.583333;Artibeus planirostris;Muylaert et al.;2017
-48.716667;-25.75;Artibeus planirostris;Muylaert et al.;2017
-48.64523742;-26.08014768;Artibeus planirostris;Muylaert et al.;2017
-49.08;-27.06;Artibeus planirostris;Muylaert et al.;2017
-49.185358;-27.109626;Artibeus planirostris;Muylaert et al.;2017
-48.670278;-26.2775;Artibeus planirostris;UNESC;-
-48.66960526;-27.49944032;Artibeus planirostris;FURB;-
-49.09315;-27.052057;Artibeus planirostris;FURB;-
-48.53343487;-27.73140099;Artibeus planirostris;FURB;-
-48.49650621;-27.77898709;Artibeus planirostris;FURB;-
-48.9566824;-26.9307306;Artibeus planirostris;FURB;-
-48.551539;-27.316626;Artibeus planirostris;FURB;-
-49.002628;-26.468753;Artibeus planirostris;FURB;-
-48.7308594;-25.6155819;Artibeus planirostris;FURB;-
-49.2318821;-26.93140602;Artibeus planirostris;FURB;-
-48.5528;-27.1581;Artibeus planirostris;FURB;-
-48.808186;-27.730043;Artibeus planirostris;FURB;-
-48.530879;-26.26817;Artibeus planirostris;FURB;-
-49.233333;-25.516667;Artibeus planirostris;Miretzki;2003
-49.266667;-25.4;Artibeus planirostris;Miretzki;2003
-48.583333;-25.25;Artibeus planirostris;Miretzki;2003
-48.9;-25.983333;Artibeus planirostris;Miretzki;2003
-49.25;-25.483333;Artibeus planirostris;Miretzki;2003
-48.75;-25.75;Artibeus planirostris;Miretzki;2003
-48.866667;-25.416667;Artibeus planirostris;Miretzki;2003
-49.05;-25.433333;Artibeus planirostris;Miretzki;2003
-48.833332;-26.299999;Artibeus planirostris;GBIF;https://doi.org/10.15468/dl.jsp88q
-49.149167;-27.05;Artibeus planirostris;Althoff;2007
-49.111944;-27.059167;Artibeus planirostris;Althoff;2007
-49.104868;-26.88503;Artibeus planirostris;Cherem et al.;2004
-48.537919;-27.595594;Artibeus planirostris;Cherem et al.;2004
-48.547894;-25.595092;Artibeus planirostris;Portal_Da_Biodiversidade;366378
-48.724881;-25.756842;Artibeus planirostris;Portal_Da_Biodiversidade;366415
-53.069414;-26.0755;Artibeus planirostris;Portal_Da_Biodiversidade;145397
-48.524964;-26.250692;Artibeus planirostris;Portal_Da_Biodiversidade;308953
-49.114639;-26.865036;Carollia brevicauda;FURB;-
-48.808;-25.383;Carollia perspicillata;Muylaert et al.;2017
-48.91900376;-25.4405836;Carollia perspicillata;Muylaert et al.;2017
-48.55;-25.583333;Carollia perspicillata;Muylaert et al.;2017
-48.716667;-25.75;Carollia perspicillata;Muylaert et al.;2017
-48.64523742;-26.08014768;Carollia perspicillata;Muylaert et al.;2017
-49.072207;-26.902824;Carollia perspicillata;Muylaert et al.;2017
-49.08;-27.06;Carollia perspicillata;Muylaert et al.;2017
-49.185358;-27.109626;Carollia perspicillata;Muylaert et al.;2017
-49.25528;-28.48361;Carollia perspicillata;Muylaert et al.;2017
-48.453889;-27.504444;Carollia perspicillata;UNESC;-
-48.794167;-26.471667;Carollia perspicillata;UNESC;-
-49.444167;-26.591944;Carollia perspicillata;UNESC;-
-49.266667;-28.533333;Carollia perspicillata;UNESC;-
-49.646944;-28.8975;Carollia perspicillata;UNESC;-
-49.09315;-27.052057;Carollia perspicillata;FURB;-
-49.11026001;-26.96124577;Carollia perspicillata;FURB;-
-48.5294135;-27.1793352;Carollia perspicillata;FURB;-
-49.3248697;-28.6007346;Carollia perspicillata;FURB;-
-49.252428;-26.427656;Carollia perspicillata;FURB;-
-49.485014;-26.713041;Carollia perspicillata;FURB;-
-48.53343487;-27.73140099;Carollia perspicillata;FURB;-
-48.49650621;-27.77898709;Carollia perspicillata;FURB;-
-49.0294468;-26.8652381;Carollia perspicillata;FURB;-
-48.9566824;-26.9307306;Carollia perspicillata;FURB;-
-48.93949986;-26.88020099;Carollia perspicillata;FURB;-
-48.551539;-27.316626;Carollia perspicillata;FURB;-
-49.0226703;-27.1286985;Carollia perspicillata;FURB;-
-49.002628;-26.468753;Carollia perspicillata;FURB;-
-49.520352;-27.133467;Carollia perspicillata;FURB;-
-49.2318821;-26.93140602;Carollia perspicillata;FURB;-
-49.963;-26.493;Carollia perspicillata;FURB;-
-48.60894442;-26.18028129;Carollia perspicillata;FURB;-
-49.5167;-28.6167;Carollia perspicillata;FURB;-
-48.5528;-27.1581;Carollia perspicillata;FURB;-
-48.808186;-27.730043;Carollia perspicillata;FURB;-
-49.2832;-26.2563;Carollia perspicillata;FURB;-
-48.655193;-26.29824;Carollia perspicillata;FURB;-
-48.530879;-26.26817;Carollia perspicillata;FURB;-
-48.8053;-27.5661;Carollia perspicillata;FURB;-
-49.55376;-28.607792;Carollia perspicillata;FURB;-
-49.8472;-28.8303;Carollia perspicillata;B?lla et al.;2017
-49.6833;-28.9333;Carollia perspicillata;B?lla et al.;2017
-49.5;-28.65;Carollia perspicillata;B?lla et al.;2017
-49.4333;-28.5833;Carollia perspicillata;B?lla et al.;2017
-49.185;-28.4358;Carollia perspicillata;Carvalho et al.;2013
-48.75;-25.216667;Carollia perspicillata;Miretzki;2003
-48.583333;-25.25;Carollia perspicillata;Miretzki;2003
-49.216667;-25.283333;Carollia perspicillata;Miretzki;2003
-48.75;-25.75;Carollia perspicillata;Miretzki;2003
-48.866667;-25.416667;Carollia perspicillata;Miretzki;2003
-48.833333;-25.466667;Carollia perspicillata;Miretzki;2003
-48.85;-25.433333;Carollia perspicillata;Miretzki;2003
-49.937757;-29.210591;Carollia perspicillata;Noronha;2016
-50.261588;-29.89222;Carollia perspicillata;Noronha;2016
-54.283333;-25.966667;Carollia perspicillata;Barquez;1999
-48.670556;-26.2775;Carollia perspicillata;Gon?alves et al;2018
-48.895278;-26.486944;Carollia perspicillata;Gon?alves et al;2018
-48.686667;-26.843333;Carollia perspicillata;Gon?alves et al;2018
-48.541389;-27.300556;Carollia perspicillata;Gon?alves et al;2018
-48.466111;-27.516944;Carollia perspicillata;Gon?alves et al;2018
-49.524444;-28.489167;Carollia perspicillata;Gon?alves et al;2018
-49.3;-28.533333;Carollia perspicillata;Gon?alves et al;2018
-49.395;-28.594167;Carollia perspicillata;Gon?alves et al;2018
-50.046389;-29.202222;Carollia perspicillata;Gon?alves et al;2018
-48.625401;-25.576976;Carollia perspicillata;GBIF;https://doi.org/10.15468/dl.jsp88q
-48.91667;-25.75;Carollia perspicillata;GBIF;https://doi.org/10.15468/dl.jsp88q
-53.708583;-26.132784;Carollia perspicillata;GBIF;https://doi.org/10.15468/dl.jsp88q
-49.3786;-26.2503;Carollia perspicillata;SpeciesLink;28/04/2020
-49.07266;-26.921735;Carollia perspicillata;Gruener et al;2012
-49.083333;-26.916667;Carollia perspicillata;Gruener et al;2012
-49.149167;-27.05;Carollia perspicillata;Althoff;2007
-49.111944;-27.059167;Carollia perspicillata;Althoff;2007
-49.104868;-26.88503;Carollia perspicillata;Cherem et al.;2004
-48.537919;-27.595594;Carollia perspicillata;Cherem et al.;2004
-49.232933;-26.894554;Carollia perspicillata;Cherem et al.;2004
-49.49884;-28.63749;Carollia perspicillata;Cherem et al.;2004
-48.777488;-27.686408;Carollia perspicillata;Cherem et al.;2004
-49.425789;-28.599817;Carollia perspicillata;Cherem et al.;2004
-48.816667;-27.716667;Carollia perspicillata;Cherem et al.;2011
-54.9525;-27.088056;Carollia perspicillata;Cirignoli et al.;2011
-53.878976;-25.458903;Carollia perspicillata;Sekiama et al;2001
-48.798359;-26.848146;Carollia perspicillata;FURB;-
-48.99853;-26.874073;Carollia perspicillata;FURB;-
-49.007635;-26.869085;Carollia perspicillata;FURB;-
-49.018005;-26.877489;Carollia perspicillata;FURB;-
-49.044091;-26.864747;Carollia perspicillata;FURB;-
-49.177389;-26.871494;Carollia perspicillata;FURB;-
-49.188794;-26.872615;Carollia perspicillata;FURB;-
-48.968381;-26.918346;Carollia perspicillata;FURB;-
-48.78262;-26.83744;Carollia perspicillata;FURB;-
-49.051223;-26.8561;Carollia perspicillata;FURB;-
-48.971771;-26.904423;Carollia perspicillata;FURB;-
-48.962447;-26.908477;Carollia perspicillata;FURB;-
-48.981077;-26.443346;Carollia perspicillata;FURB;-
-48.974377;-26.454371;Carollia perspicillata;FURB;-
-48.607589;-26.27853;Carollia perspicillata;FURB;-
-48.6177;-26.276569;Carollia perspicillata;FURB;-
-48.536147;-27.748969;Carollia perspicillata;FURB;-
-49.091614;-26.526028;Carollia perspicillata;Portal_Da_Biodiversidade;128261
-48.571828;-26.329769;Carollia perspicillata;Portal_Da_Biodiversidade;473641
-48.801111;-25.368611;Carollia perspicillata;Portal_Da_Biodiversidade;28881
-48.547894;-25.595092;Carollia perspicillata;Portal_Da_Biodiversidade;366381
-48.550469;-25.597256;Carollia perspicillata;Portal_Da_Biodiversidade;366396
-48.550467;-25.597256;Carollia perspicillata;Portal_Da_Biodiversidade;366404
-48.724881;-25.756842;Carollia perspicillata;Portal_Da_Biodiversidade;366411
-48.559167;-25.593333;Carollia perspicillata;Portal_Da_Biodiversidade;33019
-48.919167;-25.439444;Carollia perspicillata;Portal_Da_Biodiversidade;33092
-51.29;-25.111942;Carollia perspicillata;Portal_Da_Biodiversidade;726270
-51.29;-25.111944;Carollia perspicillata;Portal_Da_Biodiversidade;726281
-54.434875;-25.679781;Carollia perspicillata;Portal_Da_Biodiversidade;91705
-50.207219;-29.675;Carollia perspicillata;Portal_Da_Biodiversidade;515167
-49.379038;-26.250757;Carollia perspicillata;Portal_Da_Biodiversidade;525300
-48.283331;-25.15;Carollia perspicillata;Portal_Da_Biodiversidade;549262
-48.524964;-26.250692;Carollia perspicillata;Portal_Da_Biodiversidade;308778
-49.292767;-26.441028;Carollia perspicillata;Portal_Da_Biodiversidade;308933
-48.697992;-26.244556;Carollia perspicillata;Portal_Da_Biodiversidade;308949
-49.57105;-27.036117;Carollia perspicillata;Portal_Da_Biodiversidade;308987
-49.199722;-27.064167;Carollia perspicillata;Portal_Da_Biodiversidade;735780
-49.666667;-26.7;Carollia perspicillata;Portal_Da_Biodiversidade;82426
-49.635278;-25.004442;Carollia perspicillata;Portal_Da_Biodiversidade;794961
-49.066389;-26.919722;Carollia perspicillata;Portal_Da_Biodiversidade;955366
-48.805942;-27.734342;Carollia perspicillata;Portal_Da_Biodiversidade;955479
-48.980833;-27.085556;Carollia perspicillata;Portal_Da_Biodiversidade;956168
-49.5175;-27.056667;Carollia perspicillata;Portal_Da_Biodiversidade;956586
-49.378333;-26.25;Carollia perspicillata;Portal_Da_Biodiversidade;956737
-48.808;-25.383;Chiroderma doriae;Muylaert et al.;2017
-48.519167;-25.785;Chiroderma doriae;Muylaert et al.;2017
-48.64523742;-26.08014768;Chiroderma doriae;Muylaert et al.;2017
-49.08;-27.06;Chiroderma doriae;Muylaert et al.;2017
-48.542222;-27.3;Chiroderma doriae;UNESC;-
-48.66960526;-27.49944032;Chiroderma doriae;FURB;-
-49.09315;-27.052057;Chiroderma doriae;FURB;-
-49.114639;-26.865036;Chiroderma doriae;FURB;-
-49.252428;-26.427656;Chiroderma doriae;FURB;-
-48.50532532;-27.61540601;Chiroderma doriae;FURB;-
-48.53343487;-27.73140099;Chiroderma doriae;FURB;-
-48.93949986;-26.88020099;Chiroderma doriae;FURB;-
-49.002628;-26.468753;Chiroderma doriae;FURB;-
-49.520352;-27.133467;Chiroderma doriae;FURB;-
-49.2318821;-26.93140602;Chiroderma doriae;FURB;-
-49.5306;-27.1353;Chiroderma doriae;FURB;-
-48.9967;-26.7644;Chiroderma doriae;FURB;-
-48.808186;-27.730043;Chiroderma doriae;FURB;-
-48.530879;-26.26817;Chiroderma doriae;FURB;-
-48.552777;-25.582322;Chiroderma doriae;Gon?alves et al;2018
-49.149167;-27.05;Chiroderma doriae;Althoff;2007
-49.111944;-27.059167;Chiroderma doriae;Althoff;2007
-49.104868;-26.88503;Chiroderma doriae;Cherem et al.;2004
-48.974377;-26.454371;Chiroderma doriae;FURB;-
-48.981077;-26.443346;Chiroderma doriae;FURB;-
-48.5104;-27.728783;Chiroderma doriae;FURB;-
-48.99853;-26.874073;Chiroderma doriae;FURB;-
-49.188895;-26.87638;Chiroderma doriae;FURB;-
-49.035908;-26.860726;Chiroderma doriae;FURB;-
-48.791014;-26.842472;Chiroderma doriae;FURB;-
-49.00934;-26.876916;Chiroderma doriae;FURB;-
-49.177389;-26.871494;Chiroderma doriae;FURB;-
-49.053693;-26.864663;Chiroderma doriae;FURB;-
-48.801111;-25.368611;Chiroderma doriae;Portal_Da_Biodiversidade;28897
-48.547894;-25.595092;Chiroderma doriae;Portal_Da_Biodiversidade;366386
-48.283331;-25.15;Chiroderma doriae;Portal_Da_Biodiversidade;549239
-48.805942;-27.734342;Chiroderma doriae;Portal_Da_Biodiversidade;955517
-49.5175;-27.056667;Chiroderma doriae;Portal_Da_Biodiversidade;956596
-49.08;-27.06;Chrotopterus auritus;Muylaert et al.;2017
-53.40998121;-27.36189731;Chrotopterus auritus;Muylaert et al.;2017
-49.25528;-28.48361;Chrotopterus auritus;Muylaert et al.;2017
-50.9866047;-27.6270557;Chrotopterus auritus;FURB;-
-53.0112648;-27.24547299;Chrotopterus auritus;FURB;-
-48.66960526;-27.49944032;Chrotopterus auritus;FURB;-
-49.09315;-27.052057;Chrotopterus auritus;FURB;-
-50.852598;-28.007775;Chrotopterus auritus;FURB;-
-49.252428;-26.427656;Chrotopterus auritus;FURB;-
-49.485014;-26.713041;Chrotopterus auritus;FURB;-
-52.556009;-26.66869;Chrotopterus auritus;FURB;-
-49.5306;-27.1353;Chrotopterus auritus;FURB;-
-51.228981;-27.049287;Chrotopterus auritus;FURB;-
-52.543247;-26.614074;Chrotopterus auritus;FURB;-
-51.293763;-27.100498;Chrotopterus auritus;FURB;-
-49.148227;-28.558859;Chrotopterus auritus;B?lla et al.;2017
-48.916667;-25.433333;Chrotopterus auritus;Miretzki;2003
-50.866667;-25.866667;Chrotopterus auritus;Miretzki;2003
-52.116667;-25.8;Chrotopterus auritus;Miretzki;2003
-49.283333;-25.316667;Chrotopterus auritus;Miretzki;2003
-49.25;-25.483333;Chrotopterus auritus;Miretzki;2003
-48.983333;-25.483333;Chrotopterus auritus;Miretzki;2003
-50;-25.416667;Chrotopterus auritus;Miretzki;2003
-48.183333;-25.3;Chrotopterus auritus;Miretzki;2003
-49.937757;-29.210591;Chrotopterus auritus;Noronha;2016
-53.896539;-27.250267;Chrotopterus auritus;Noronha;2016
-53.133568;-27.707996;Chrotopterus auritus;Noronha;2016
-52.77679;-27.365134;Chrotopterus auritus;Noronha;2016
-51.439206;-27.673341;Chrotopterus auritus;Noronha;2016
-50.588729;-29.451421;Chrotopterus auritus;Noronha;2016
-50.046389;-29.202222;Chrotopterus auritus;Gon?alves et al;2018
-54.169934;-25.857855;Chrotopterus auritus;GBIF;https://doi.org/10.15468/dl.jsp88q
-50.145209;-27.06634;Chrotopterus auritus;GBIF;https://doi.org/10.15468/dl.jsp88q
-54.65;-27.26667;Chrotopterus auritus;GBIF;https://doi.org/10.15468/dl.jsp88q
-54.43862;-26.93617;Chrotopterus auritus;GBIF;https://doi.org/10.15468/dl.jsp88q
-49.111944;-27.059167;Chrotopterus auritus;Althoff;2007
-49.104868;-26.88503;Chrotopterus auritus;Cherem et al.;2004
-48.552885;-27.314333;Chrotopterus auritus;Cherem et al.;2004
-48.840653;-26.301041;Chrotopterus auritus;Cherem et al.;2004
-53.878976;-25.458903;Chrotopterus auritus;Sekiama et al;2001
-51.29;-25.111942;Chrotopterus auritus;Portal_Da_Biodiversidade;726276
-51.29;-25.111944;Chrotopterus auritus;Portal_Da_Biodiversidade;726277
-52.457328;-28.241367;Chrotopterus auritus;Portal_Da_Biodiversidade;111939
-49.183331;-28.433331;Chrotopterus auritus;Portal_Da_Biodiversidade;147138
-52.194444;-28.315833;Chrotopterus auritus;Portal_Da_Biodiversidade;20567
-48.283331;-25.15;Chrotopterus auritus;Portal_Da_Biodiversidade;549248
-51.265803;-27.101456;Chrotopterus auritus;Portal_Da_Biodiversidade;308970
-51.221194;-27.044953;Chrotopterus auritus;Portal_Da_Biodiversidade;309002
-49.666667;-26.7;Chrotopterus auritus;Portal_Da_Biodiversidade;82418
-49.523056;-25.221944;Chrotopterus auritus;Portal_Da_Biodiversidade;794965
-49.207217;-25.231667;Chrotopterus auritus;Portal_Da_Biodiversidade;793762
-52.454722;-26.631111;Chrotopterus auritus;Portal_Da_Biodiversidade;956655
-48.808;-25.383;Dermanura cinerea;Muylaert et al.;2017
-48.801111;-25.368611;Dermanura cinerea;Portal_Da_Biodiversidade;28841
-48.283331;-25.15;Dermanura cinerea;Portal_Da_Biodiversidade;549236
-48.716667;-25.75;Desmodus rotundus;Muylaert et al.;2017
-51.59;-25.91;Desmodus rotundus;Muylaert et al.;2017
-49.08;-27.06;Desmodus rotundus;Muylaert et al.;2017
-49.25528;-28.48361;Desmodus rotundus;Muylaert et al.;2017
-48.613056;-27.409444;Desmodus rotundus;UNESC;-
-49.266667;-28.533333;Desmodus rotundus;UNESC;-
-48.983333;-28.6;Desmodus rotundus;UNESC;-
-50.9866047;-27.6270557;Desmodus rotundus;FURB;-
-48.9795;-27.437029;Desmodus rotundus;FURB;-
-49.1287395;-27.9041185;Desmodus rotundus;FURB;-
-49.09315;-27.052057;Desmodus rotundus;FURB;-
-49.114639;-26.865036;Desmodus rotundus;FURB;-
-52.396706;-26.735718;Desmodus rotundus;FURB;-
-49.068892;-27.200749;Desmodus rotundus;FURB;-
-49.3248697;-28.6007346;Desmodus rotundus;FURB;-
-50.621777;-27.463446;Desmodus rotundus;FURB;-
-49.485014;-26.713041;Desmodus rotundus;FURB;-
-48.50532532;-27.61540601;Desmodus rotundus;FURB;-
-48.53343487;-27.73140099;Desmodus rotundus;FURB;-
-49.0294468;-26.8652381;Desmodus rotundus;FURB;-
-48.93949986;-26.88020099;Desmodus rotundus;FURB;-
-48.551539;-27.316626;Desmodus rotundus;FURB;-
-49.002628;-26.468753;Desmodus rotundus;FURB;-
-49.2318821;-26.93140602;Desmodus rotundus;FURB;-
-49.963;-26.493;Desmodus rotundus;FURB;-
-50.32;-27.8072;Desmodus rotundus;FURB;-
-49.5306;-27.1353;Desmodus rotundus;FURB;-
-51.936941;-26.69769;Desmodus rotundus;FURB;-
-48.5528;-27.1581;Desmodus rotundus;FURB;-
-49.0333;-27.6833;Desmodus rotundus;FURB;-
-49.2832;-26.2563;Desmodus rotundus;FURB;-
-52.543247;-26.614074;Desmodus rotundus;FURB;-
-50.3828;-25.8744;Desmodus rotundus;FURB;-
-49.8472;-28.8303;Desmodus rotundus;B?lla et al.;2017
-49.024953;-28.616736;Desmodus rotundus;Carvalho et al.;2009
-49.4575;-28.5156;Desmodus rotundus;B?lla et al.;2017
-49.3167;-28.5167;Desmodus rotundus;B?lla et al.;2017
-49.185;-28.4358;Desmodus rotundus;Carvalho et al.;2013
-52.033333;-25.733333;Desmodus rotundus;Miretzki;2003
-49.516667;-25.45;Desmodus rotundus;Miretzki;2003
-49.216667;-25.2;Desmodus rotundus;Miretzki;2003
-49.533333;-25.616667;Desmodus rotundus;Miretzki;2003
-48.5;-25.666667;Desmodus rotundus;Miretzki;2003
-48.833333;-25.466667;Desmodus rotundus;Miretzki;2003
-50;-25.416667;Desmodus rotundus;Miretzki;2003
-50.033333;-25.25;Desmodus rotundus;Miretzki;2003
-48.733333;-25.8;Desmodus rotundus;Miretzki;2003
-53.18345;-27.361935;Desmodus rotundus;Noronha;2016
-49.863794;-29.367134;Desmodus rotundus;Noronha;2016
-50.455817;-29.641954;Desmodus rotundus;Noronha;2016
-50.52658;-29.826862;Desmodus rotundus;Noronha;2016
-50.779692;-29.655167;Desmodus rotundus;Noronha;2016
-53.896539;-27.250267;Desmodus rotundus;Noronha;2016
-52.77679;-27.365134;Desmodus rotundus;Noronha;2016
-51.439206;-27.673341;Desmodus rotundus;Noronha;2016
-50.588729;-29.451421;Desmodus rotundus;Noronha;2016
-48.552777;-25.582322;Desmodus rotundus;Gon?alves et al;2018
-48.541389;-27.300556;Desmodus rotundus;Gon?alves et al;2018
-48.620278;-27.427222;Desmodus rotundus;Gon?alves et al;2018
-49.3;-28.533333;Desmodus rotundus;Gon?alves et al;2018
-48.988611;-28.633333;Desmodus rotundus;Gon?alves et al;2018
-49.929722;-28.788611;Desmodus rotundus;Gon?alves et al;2018
-50.046389;-29.202222;Desmodus rotundus;Gon?alves et al;2018
-50.145296;-27.066516;Desmodus rotundus;GBIF;https://doi.org/10.15468/dl.jsp88q
-50.71444;-28.295769;Desmodus rotundus;Reus;2009
-49.149167;-27.05;Desmodus rotundus;Althoff;2007
-49.111944;-27.059167;Desmodus rotundus;Althoff;2007
-48.98266;-27.582987;Desmodus rotundus;Cherem et al.;2004
-49.104868;-26.88503;Desmodus rotundus;Cherem et al.;2004
-48.537919;-27.595594;Desmodus rotundus;Cherem et al.;2004
-48.956259;-26.929173;Desmodus rotundus;Cherem et al.;2004
-48.840653;-26.301041;Desmodus rotundus;Cherem et al.;2004
-48.542233;-27.154636;Desmodus rotundus;Cherem et al.;2004
-49.012555;-27.672825;Desmodus rotundus;Cherem et al.;2004
-53.878976;-25.458903;Desmodus rotundus;Sekiama et al;2001
-48.798359;-26.848146;Desmodus rotundus;FURB;-
-48.78262;-26.83744;Desmodus rotundus;FURB;-
-48.99853;-26.874073;Desmodus rotundus;FURB;-
-49.007635;-26.869085;Desmodus rotundus;FURB;-
-49.018005;-26.877489;Desmodus rotundus;FURB;-
-49.047826;-26.86757;Desmodus rotundus;FURB;-
-49.042401;-26.858298;Desmodus rotundus;FURB;-
-49.188794;-26.872615;Desmodus rotundus;FURB;-
-48.974377;-26.454371;Desmodus rotundus;FURB;-
-48.981073;-26.443344;Desmodus rotundus;FURB;-
-48.990833;-25.515556;Desmodus rotundus;Portal_Da_Biodiversidade;11399
-51.35;-29.733333;Desmodus rotundus;Portal_Da_Biodiversidade;389965
-51.868608;-25.603608;Desmodus rotundus;Portal_Da_Biodiversidade;176319
-48.547894;-25.595092;Desmodus rotundus;Portal_Da_Biodiversidade;366387
-48.724881;-25.756842;Desmodus rotundus;Portal_Da_Biodiversidade;366413
-53.886106;-27.145556;Desmodus rotundus;Portal_Da_Biodiversidade;487139
-51.29;-25.111942;Desmodus rotundus;Portal_Da_Biodiversidade;726287
-51.455733;-27.675164;Desmodus rotundus;Portal_Da_Biodiversidade;9951
-50.060278;-25.259717;Desmodus rotundus;Portal_Da_Biodiversidade;116055
-50.060278;-25.259722;Desmodus rotundus;Portal_Da_Biodiversidade;116109
-50.416667;-28.683333;Desmodus rotundus;Portal_Da_Biodiversidade;149342
-51.179444;-29.167778;Desmodus rotundus;Portal_Da_Biodiversidade;198405
-52.194444;-28.315833;Desmodus rotundus;Portal_Da_Biodiversidade;20612
-51.166667;-29.183333;Desmodus rotundus;Portal_Da_Biodiversidade;165484
-49.452917;-28.548033;Desmodus rotundus;Portal_Da_Biodiversidade;136093
-48.900725;-25.4893;Desmodus rotundus;Portal_Da_Biodiversidade;39316
-50.751942;-29.65;Desmodus rotundus;Portal_Da_Biodiversidade;495886
-49.379038;-26.250757;Desmodus rotundus;Portal_Da_Biodiversidade;525301
-49.266364;-28.500825;Desmodus rotundus;Portal_Da_Biodiversidade;43978
-48.283331;-25.15;Desmodus rotundus;Portal_Da_Biodiversidade;549261
-49.666667;-26.7;Desmodus rotundus;Portal_Da_Biodiversidade;82417
-49.635278;-25.004442;Desmodus rotundus;Portal_Da_Biodiversidade;794962
-49.284719;-25.15;Desmodus rotundus;Portal_Da_Biodiversidade;794970
-49.38;-25.075833;Desmodus rotundus;Portal_Da_Biodiversidade;794972
-49.207217;-25.231667;Desmodus rotundus;Portal_Da_Biodiversidade;793763
-49.378333;-26.25;Desmodus rotundus;Portal_Da_Biodiversidade;956739
-50.313972;-25.852606;Desmodus rotundus;Portal_Da_Biodiversidade;97446
-50;-25.416667;Diaemus youngi;Miretzki;2003
-54.65;-27.033333;Diaemus youngi;Barquez;1999
-53.878976;-25.458903;Diaemus youngi;Sekiama et al;2001
-48.808;-25.383;Diphylla ecaudata;Muylaert et al.;2017
-48.91900376;-25.4405836;Diphylla ecaudata;Muylaert et al.;2017
-48.716667;-25.75;Diphylla ecaudata;Muylaert et al.;2017
-49.25528;-28.48361;Diphylla ecaudata;Muylaert et al.;2017
-48.788333;-26.099167;Diphylla ecaudata;UNESC;-
-48.66960526;-27.49944032;Diphylla ecaudata;FURB;-
-49.09315;-27.052057;Diphylla ecaudata;FURB;-
-48.9566824;-26.9307306;Diphylla ecaudata;FURB;-
-48.794687;-26.842005;Diphylla ecaudata;FURB;-
-49.1625;-26.7739;Diphylla ecaudata;FURB;-
-48.808186;-27.730043;Diphylla ecaudata;FURB;-
-49.2117;-26.7681;Diphylla ecaudata;FURB;-
-49.185;-28.4358;Diphylla ecaudata;Carvalho et al.;2013
-50;-25.416667;Diphylla ecaudata;Miretzki;2003
-48.785556;-26.111944;Diphylla ecaudata;Gon?alves et al;2018
-49.863805;-26.321733;Diphylla ecaudata;GBIF;https://doi.org/10.15468/dl.jsp88q
-49.104868;-26.88503;Diphylla ecaudata;Cherem et al.;2004
-48.777488;-27.686408;Diphylla ecaudata;Cherem et al.;2004
-49.362162;-27.393488;Diphylla ecaudata;Cherem et al.;2004
-48.816667;-27.716667;Diphylla ecaudata;Cherem et al.;2011
-49.00934;-26.876916;Diphylla ecaudata;FURB;-
-49.044091;-26.864747;Diphylla ecaudata;FURB;-
-48.99853;-26.874073;Diphylla ecaudata;FURB;-
-48.801111;-25.368611;Diphylla ecaudata;Portal_Da_Biodiversidade;28905
-48.724881;-25.756842;Diphylla ecaudata;Portal_Da_Biodiversidade;366427
-49.183331;-28.433331;Diphylla ecaudata;Portal_Da_Biodiversidade;146405
-49.266364;-28.500825;Diphylla ecaudata;Portal_Da_Biodiversidade;43977
-49.635278;-25.004442;Diphylla ecaudata;Portal_Da_Biodiversidade;794963
-49.38;-25.075831;Diphylla ecaudata;Portal_Da_Biodiversidade;794973
-48.808;-25.383;Glossophaga soricina;Muylaert et al.;2017
-48.55;-25.583333;Glossophaga soricina;Muylaert et al.;2017
-48.519167;-25.785;Glossophaga soricina;Muylaert et al.;2017
-49.072207;-26.902824;Glossophaga soricina;Muylaert et al.;2017
-49.25528;-28.48361;Glossophaga soricina;Muylaert et al.;2017
-48.453889;-27.504444;Glossophaga soricina;UNESC;-
-48.690278;-26.871111;Glossophaga soricina;UNESC;-
-48.686944;-26.839167;Glossophaga soricina;UNESC;-
-48.794167;-26.471667;Glossophaga soricina;UNESC;-
-49.432222;-28.69;Glossophaga soricina;UNESC;-
-49.928611;-28.788333;Glossophaga soricina;UNESC;-
-49.411389;-28.714167;Glossophaga soricina;UNESC;-
-48.698611;-26.730556;Glossophaga soricina;UNESC;-
-48.552222;-26.18;Glossophaga soricina;UNESC;-
-48.983333;-28.6;Glossophaga soricina;UNESC;-
-48.935833;-28.604722;Glossophaga soricina;UNESC;-
-49.114639;-26.865036;Glossophaga soricina;FURB;-
-48.4973733;-27.2041883;Glossophaga soricina;FURB;-
-49.252428;-26.427656;Glossophaga soricina;FURB;-
-48.50532532;-27.61540601;Glossophaga soricina;FURB;-
-48.53343487;-27.73140099;Glossophaga soricina;FURB;-
-48.52124829;-27.60041275;Glossophaga soricina;FURB;-
-48.49650621;-27.77898709;Glossophaga soricina;FURB;-
-49.0294468;-26.8652381;Glossophaga soricina;FURB;-
-48.9566824;-26.9307306;Glossophaga soricina;FURB;-
-48.93949986;-26.88020099;Glossophaga soricina;FURB;-
-49.002628;-26.468753;Glossophaga soricina;FURB;-
-48.6643444;-28.241827;Glossophaga soricina;FURB;-
-49.5306;-27.1353;Glossophaga soricina;FURB;-
-48.69;-27.72;Glossophaga soricina;FURB;-
-49.1625;-26.7739;Glossophaga soricina;FURB;-
-48.5528;-27.1581;Glossophaga soricina;FURB;-
-49.8472;-28.8303;Glossophaga soricina;B?lla et al.;2017
-49.378141;-28.68426;Glossophaga soricina;B?lla et al.;2017
-49.024953;-28.616736;Glossophaga soricina;B?lla et al.;2017
-49.185;-28.4358;Glossophaga soricina;Carvalho et al.;2013
-48.9;-25.983333;Glossophaga soricina;Miretzki;2003
-49.863794;-29.367134;Glossophaga soricina;Noronha;2016
-49.937757;-29.210591;Glossophaga soricina;Noronha;2016
-50.261588;-29.89222;Glossophaga soricina;Noronha;2016
-50.52658;-29.826862;Glossophaga soricina;Noronha;2016
-49.94439;-29.442606;Glossophaga soricina;Noronha;2016
-48.670556;-26.2775;Glossophaga soricina;Gon?alves et al;2018
-48.895278;-26.486944;Glossophaga soricina;Gon?alves et al;2018
-48.541389;-27.300556;Glossophaga soricina;Gon?alves et al;2018
-48.466111;-27.516944;Glossophaga soricina;Gon?alves et al;2018
-48.988611;-28.633333;Glossophaga soricina;Gon?alves et al;2018
-49.757778;-28.828333;Glossophaga soricina;Gon?alves et al;2018
-49.085169;-26.831405;Glossophaga soricina;GBIF;https://doi.org/10.15468/dl.jsp88q
-49.138877;-26.915136;Glossophaga soricina;GBIF;https://doi.org/10.15468/dl.jsp88q
-49.085959;-27.056824;Glossophaga soricina;Gruener et al;2012
-49.07266;-26.921735;Glossophaga soricina;Gruener et al;2012
-49.083333;-26.916667;Glossophaga soricina;Gruener et al;2012
-48.537919;-27.595594;Glossophaga soricina;Cherem et al.;2004
-48.673172;-28.231244;Glossophaga soricina;Cherem et al.;2004
-53.878976;-25.458903;Glossophaga soricina;Sekiama et al;2001
-48.99853;-26.874073;Glossophaga soricina;FURB;-
-49.007635;-26.869085;Glossophaga soricina;FURB;-
-49.018005;-26.877489;Glossophaga soricina;FURB;-
-49.177389;-26.871494;Glossophaga soricina;FURB;-
-49.188794;-26.872615;Glossophaga soricina;FURB;-
-48.971771;-26.904423;Glossophaga soricina;FURB;-
-48.962447;-26.908477;Glossophaga soricina;FURB;-
-49.053693;-26.864663;Glossophaga soricina;FURB;-
-48.968381;-26.918346;Glossophaga soricina;FURB;-
-48.981077;-26.443346;Glossophaga soricina;FURB;-
-48.5104;-27.728783;Glossophaga soricina;FURB;-
-48.536147;-27.748969;Glossophaga soricina;FURB;-
-48.515436;-27.741461;Glossophaga soricina;FURB;-
-49.091614;-26.526028;Glossophaga soricina;Portal_Da_Biodiversidade;128346
-48.801111;-25.368611;Glossophaga soricina;Portal_Da_Biodiversidade;28906
-48.550467;-25.597256;Glossophaga soricina;Portal_Da_Biodiversidade;366403
-48.559167;-25.593333;Glossophaga soricina;Portal_Da_Biodiversidade;33038
-50.203292;-29.67925;Glossophaga soricina;Portal_Da_Biodiversidade;9938
-50.868889;-29.722219;Glossophaga soricina;Portal_Da_Biodiversidade;988665
-49.183331;-28.433331;Glossophaga soricina;Portal_Da_Biodiversidade;146639
-51.076942;-29.3625;Glossophaga soricina;Portal_Da_Biodiversidade;67348
-50.230556;-29.930556;Glossophaga soricina;Portal_Da_Biodiversidade;495915
-49.426953;-28.704589;Glossophaga soricina;Portal_Da_Biodiversidade;43916
-49.266364;-28.500825;Glossophaga soricina;Portal_Da_Biodiversidade;43972
-48.697992;-26.244556;Glossophaga soricina;Portal_Da_Biodiversidade;308909
-49.292767;-26.441028;Glossophaga soricina;Portal_Da_Biodiversidade;308991
-48.805942;-27.734342;Glossophaga soricina;Portal_Da_Biodiversidade;955530
-53.878976;-25.458903;Glyphonycteris sylvestris;Sekiama et al;2001
-48.283331;-25.15;Glyphonycteris sylvestris;Portal_Da_Biodiversidade;549255
-49.515175;-27.038206;Glyphonycteris sylvestris;Portal_Da_Biodiversidade;308958
-49.378333;-26.25;Glyphonycteris sylvestris;Portal_Da_Biodiversidade;956833
-48.808;-25.383;Lampronycteris brachyotis;Muylaert et al.;2017
-48.283331;-25.15;Lampronycteris brachyotis;Portal_Da_Biodiversidade;549253
-48.788333;-26.099167;Micronycteris megalotis;UNESC;-
-49.09315;-27.052057;Micronycteris megalotis;FURB;-
-48.50532532;-27.61540601;Micronycteris megalotis;FURB;-
-48.551539;-27.316626;Micronycteris megalotis;FURB;-
-48.5528;-27.1581;Micronycteris megalotis;FURB;-
-48.5;-25.666667;Micronycteris megalotis;Miretzki;2003
-48.552777;-25.582322;Micronycteris megalotis;Gon?alves et al;2018
-48.541389;-27.300556;Micronycteris megalotis;Gon?alves et al;2018
-49.104868;-26.88503;Micronycteris megalotis;Cherem et al.;2004
-48.99853;-26.874073;Micronycteris megalotis;FURB;-
-49.00934;-26.876916;Micronycteris megalotis;FURB;-
-49.398779;-26.781338;Micronycteris megalotis;FURB;-
-48.550467;-25.597256;Micronycteris megalotis;Portal_Da_Biodiversidade;366393
-48.559167;-25.593333;Micronycteris megalotis;Portal_Da_Biodiversidade;33122
-48.808;-25.383;Micronycteris microtis;Muylaert et al.;2017
-48.536147;-27.748969;Mimon bennettii;FURB;-
-48.508023;-27.720043;Mimon bennettii;FURB;-
-48.453889;-27.504444;Mimon bennettii;UNESC;-
-48.542222;-27.3;Mimon bennettii;UNESC;-
-48.66960526;-27.49944032;Mimon bennettii;FURB;-
-49.09315;-27.052057;Mimon bennettii;FURB;-
-49.485014;-26.713041;Mimon bennettii;FURB;-
-48.50532532;-27.61540601;Mimon bennettii;FURB;-
-48.53343487;-27.73140099;Mimon bennettii;FURB;-
-48.49650621;-27.77898709;Mimon bennettii;FURB;-
-49.5306;-27.1353;Mimon bennettii;FURB;-
-48.808186;-27.730043;Mimon bennettii;FURB;-
-49.185;-28.4358;Mimon bennettii;Carvalho et al.;2013
-49.233333;-25.283333;Mimon bennettii;Miretzki;2003
-49.266667;-25.416667;Mimon bennettii;Miretzki;2003
-48.5;-25.666667;Mimon bennettii;Miretzki;2003
-48.866667;-25.416667;Mimon bennettii;Miretzki;2003
-48.466111;-27.516944;Mimon bennettii;Gon?alves et al;2018
-49.256389;-28.485278;Mimon bennettii;Gon?alves et al;2018
-48.330002;-25.85;Mimon bennettii;GBIF;https://doi.org/10.15468/dl.jsp88q
-49.104868;-26.88503;Mimon bennettii;Cherem et al.;2004
-48.537919;-27.595594;Mimon bennettii;Cherem et al.;2004
-48.777488;-27.686408;Mimon bennettii;Cherem et al.;2004
-48.816667;-27.716667;Mimon bennettii;Cherem et al.;2011
-49.01014;-26.871999;Mimon bennettii;FURB;-
-48.283331;-25.15;Mimon bennettii;Portal_Da_Biodiversidade;549252
-48.805942;-27.734342;Mimon bennettii;Portal_Da_Biodiversidade;955484
-48.519167;-25.785;Platyrrhinus lineatus;Muylaert et al.;2017
-49.08;-27.06;Platyrrhinus lineatus;Muylaert et al.;2017
-53.40998121;-27.36189731;Platyrrhinus lineatus;Muylaert et al.;2017
-49.114639;-26.865036;Platyrrhinus lineatus;FURB;-
-48.9566824;-26.9307306;Platyrrhinus lineatus;FURB;-
-48.93949986;-26.88020099;Platyrrhinus lineatus;FURB;-
-48.551539;-27.316626;Platyrrhinus lineatus;FURB;-
-49.002628;-26.468753;Platyrrhinus lineatus;FURB;-
-49.2832;-26.2563;Platyrrhinus lineatus;FURB;-
-48.583333;-25.25;Platyrrhinus lineatus;Miretzki;2003
-48.866667;-25.416667;Platyrrhinus lineatus;Miretzki;2003
-49.111944;-27.059167;Platyrrhinus lineatus;Althoff;2007
-49.104868;-26.88503;Platyrrhinus lineatus;Cherem et al.;2004
-48.542233;-27.154636;Platyrrhinus lineatus;Cherem et al.;2004
-48.816667;-27.716667;Platyrrhinus lineatus;Cherem et al.;2011
-49.007635;-26.869085;Platyrrhinus lineatus;FURB;-
-49.177389;-26.871494;Platyrrhinus lineatus;FURB;-
-48.99853;-26.874073;Platyrrhinus lineatus;FURB;-
-49.047826;-26.86757;Platyrrhinus lineatus;FURB;-
-49.035908;-26.860726;Platyrrhinus lineatus;FURB;-
-48.791014;-26.842472;Platyrrhinus lineatus;FURB;-
-48.968381;-26.918346;Platyrrhinus lineatus;FURB;-
-49.188794;-26.872615;Platyrrhinus lineatus;FURB;-
-48.974377;-26.454371;Platyrrhinus lineatus;FURB;-
-48.981073;-26.443344;Platyrrhinus lineatus;FURB;-
-48.573461;-26.367483;Platyrrhinus lineatus;Portal_Da_Biodiversidade;473615
-49.379038;-26.250757;Platyrrhinus lineatus;Portal_Da_Biodiversidade;525305
-48.697992;-26.244556;Platyrrhinus lineatus;Portal_Da_Biodiversidade;308908
-49.57105;-27.036117;Platyrrhinus lineatus;Portal_Da_Biodiversidade;308988
-49.292767;-26.441028;Platyrrhinus lineatus;Portal_Da_Biodiversidade;309009
-49.378333;-26.25;Platyrrhinus lineatus;Portal_Da_Biodiversidade;956837
-48.808;-25.383;Platyrrhinus recifinus;Muylaert et al.;2017
-48.91900376;-25.4405836;Platyrrhinus recifinus;Muylaert et al.;2017
-49.25528;-28.48361;Platyrrhinus recifinus;Muylaert et al.;2017
-48.453889;-27.504444;Platyrrhinus recifinus;UNESC;-
-48.7684715;-27.5168462;Platyrrhinus recifinus;FURB;-
-48.7584715;-27.5368462;Platyrrhinus recifinus;FURB;-
-48.93949986;-26.88020099;Platyrrhinus recifinus;FURB;-
-49.2318821;-26.93140602;Platyrrhinus recifinus;FURB;-
-49.185;-28.4358;Platyrrhinus recifinus;Carvalho; Fabian
-48.466111;-27.516944;Platyrrhinus recifinus;Gon?alves et al;2018
-48.801111;-25.368611;Platyrrhinus recifinus;Portal_Da_Biodiversidade;28846
-48.283331;-25.15;Platyrrhinus recifinus;Portal_Da_Biodiversidade;549227
-48.808;-25.383;Pygoderma bilabiatum;Muylaert et al.;2017
-48.716667;-25.75;Pygoderma bilabiatum;Muylaert et al.;2017
-48.519167;-25.785;Pygoderma bilabiatum;Muylaert et al.;2017
-51.59;-25.91;Pygoderma bilabiatum;Muylaert et al.;2017
-48.64523742;-26.08014768;Pygoderma bilabiatum;Muylaert et al.;2017
-49.08;-27.06;Pygoderma bilabiatum;Muylaert et al.;2017
-49.185358;-27.109626;Pygoderma bilabiatum;Muylaert et al.;2017
-53.40998121;-27.36189731;Pygoderma bilabiatum;Muylaert et al.;2017
-49.25528;-28.48361;Pygoderma bilabiatum;Muylaert et al.;2017
-48.983333;-28.6;Pygoderma bilabiatum;UNESC;-
-49.432222;-28.69;Pygoderma bilabiatum;UNESC;-
-53.0112648;-27.24547299;Pygoderma bilabiatum;FURB;-
-48.9795;-27.437029;Pygoderma bilabiatum;FURB;-
-49.09315;-27.052057;Pygoderma bilabiatum;FURB;-
-49.114639;-26.865036;Pygoderma bilabiatum;FURB;-
-48.5294135;-27.1793352;Pygoderma bilabiatum;FURB;-
-49.272142;-26.191662;Pygoderma bilabiatum;FURB;-
-49.3248697;-28.6007346;Pygoderma bilabiatum;FURB;-
-49.252428;-26.427656;Pygoderma bilabiatum;FURB;-
-49.485014;-26.713041;Pygoderma bilabiatum;FURB;-
-48.9566824;-26.9307306;Pygoderma bilabiatum;FURB;-
-52.8079319;-27.1636407;Pygoderma bilabiatum;FURB;-
-49.520352;-27.133467;Pygoderma bilabiatum;FURB;-
-49.2318821;-26.93140602;Pygoderma bilabiatum;FURB;-
-52.608143;-26.677025;Pygoderma bilabiatum;FURB;-
-48.808186;-27.730043;Pygoderma bilabiatum;FURB;-
-49.2832;-26.2563;Pygoderma bilabiatum;FURB;-
-48.530879;-26.26817;Pygoderma bilabiatum;FURB;-
-49.55376;-28.607792;Pygoderma bilabiatum;FURB;-
-49.4575;-28.5156;Pygoderma bilabiatum;B?lla et al.;2017
-49.185;-28.4358;Pygoderma bilabiatum;Carvalho et al.;2013
-48.75;-25.216667;Pygoderma bilabiatum;Miretzki;2003
-51.983333;-26.483333;Pygoderma bilabiatum;Miretzki;2003
-50.866667;-25.866667;Pygoderma bilabiatum;Miretzki;2003
-49.216667;-25.283333;Pygoderma bilabiatum;Miretzki;2003
-49.216667;-25.45;Pygoderma bilabiatum;Miretzki;2003
-48.75;-25.75;Pygoderma bilabiatum;Miretzki;2003
-50;-25.416667;Pygoderma bilabiatum;Miretzki;2003
-50.033333;-25.25;Pygoderma bilabiatum;Miretzki;2003
-48.866667;-25.433333;Pygoderma bilabiatum;Miretzki;2003
-48.316667;-25.3;Pygoderma bilabiatum;Miretzki;2003
-50.214467;-29.650516;Pygoderma bilabiatum;Noronha;2016
-53.896539;-27.250267;Pygoderma bilabiatum;Noronha;2016
-52.77679;-27.365134;Pygoderma bilabiatum;Noronha;2016
-50.588729;-29.451421;Pygoderma bilabiatum;Noronha;2016
-54;-27.133333;Pygoderma bilabiatum;Barquez;1999
-54.283333;-25.966667;Pygoderma bilabiatum;Barquez;1999
-53.966667;-26.783333;Pygoderma bilabiatum;Barquez;1999
-53.8;-26.833333;Pygoderma bilabiatum;Barquez;1999
-48.552777;-25.582322;Pygoderma bilabiatum;Gon?alves et al;2018
-48.670556;-26.2775;Pygoderma bilabiatum;Gon?alves et al;2018
-48.988611;-28.633333;Pygoderma bilabiatum;Gon?alves et al;2018
-49.349234;-26.398513;Pygoderma bilabiatum;GBIF;https://doi.org/10.15468/dl.jsp88q
-48.91667;-25.75;Pygoderma bilabiatum;GBIF;https://doi.org/10.15468/dl.jsp88q
-54.5;-26.98333;Pygoderma bilabiatum;GBIF;https://doi.org/10.15468/dl.jsp88q
-54.17317;-26.37299;Pygoderma bilabiatum;GBIF;https://doi.org/10.15468/dl.jsp88q
-51.14516;-27.790466;Pygoderma bilabiatum;Reus;2009
-49.07266;-26.921735;Pygoderma bilabiatum;Gruener et al;2012
-49.149167;-27.05;Pygoderma bilabiatum;Althoff;2007
-49.111944;-27.059167;Pygoderma bilabiatum;Althoff;2007
-49.104868;-26.88503;Pygoderma bilabiatum;Cherem et al.;2004
-48.840653;-26.301041;Pygoderma bilabiatum;Cherem et al.;2004
-48.777488;-27.686408;Pygoderma bilabiatum;Cherem et al.;2004
-48.816667;-27.716667;Pygoderma bilabiatum;Cherem et al.;2011
-54.9525;-27.088056;Pygoderma bilabiatum;Cirignoli et al.;2011
-53.878976;-25.458903;Pygoderma bilabiatum;Sekiama et al;2001
-49.047826;-26.86757;Pygoderma bilabiatum;FURB;-
-48.795233;-26.84798;Pygoderma bilabiatum;FURB;-
-48.99853;-26.874073;Pygoderma bilabiatum;FURB;-
-49.00934;-26.876916;Pygoderma bilabiatum;FURB;-
-49.188794;-26.872615;Pygoderma bilabiatum;FURB;-
-48.801111;-25.368611;Pygoderma bilabiatum;Portal_Da_Biodiversidade;28833
-48.547894;-25.595092;Pygoderma bilabiatum;Portal_Da_Biodiversidade;366383
-48.547892;-25.595092;Pygoderma bilabiatum;Portal_Da_Biodiversidade;366384
-48.724881;-25.756842;Pygoderma bilabiatum;Portal_Da_Biodiversidade;366414
-51.482778;-25.354444;Pygoderma bilabiatum;Portal_Da_Biodiversidade;418288
-49.177778;-25.672778;Pygoderma bilabiatum;Portal_Da_Biodiversidade;33155
-51.29;-25.111942;Pygoderma bilabiatum;Portal_Da_Biodiversidade;726271
-49.183331;-28.433331;Pygoderma bilabiatum;Portal_Da_Biodiversidade;145979
-49.388611;-28.708889;Pygoderma bilabiatum;Portal_Da_Biodiversidade;4019
-49.266364;-28.500825;Pygoderma bilabiatum;Portal_Da_Biodiversidade;43974
-48.283331;-25.15;Pygoderma bilabiatum;Portal_Da_Biodiversidade;549207
-49.292767;-26.441028;Pygoderma bilabiatum;Portal_Da_Biodiversidade;308932
-49.666667;-26.7;Pygoderma bilabiatum;Portal_Da_Biodiversidade;82454
-48.805942;-27.734342;Pygoderma bilabiatum;Portal_Da_Biodiversidade;955488
-49.378333;-26.25;Pygoderma bilabiatum;Portal_Da_Biodiversidade;956762
-48.808;-25.383;Sturnira lilium;Muylaert et al.;2017
-48.91900376;-25.4405836;Sturnira lilium;Muylaert et al.;2017
-48.716667;-25.75;Sturnira lilium;Muylaert et al.;2017
-48.519167;-25.785;Sturnira lilium;Muylaert et al.;2017
-51.59;-25.91;Sturnira lilium;Muylaert et al.;2017
-48.64523742;-26.08014768;Sturnira lilium;Muylaert et al.;2017
-49.072207;-26.902824;Sturnira lilium;Muylaert et al.;2017
-49.08;-27.06;Sturnira lilium;Muylaert et al.;2017
-49.185358;-27.109626;Sturnira lilium;Muylaert et al.;2017
-53.40998121;-27.36189731;Sturnira lilium;Muylaert et al.;2017
-50.75206644;-27.88195243;Sturnira lilium;Muylaert et al.;2017
-49.25528;-28.48361;Sturnira lilium;Muylaert et al.;2017
-48.983333;-28.6;Sturnira lilium;UNESC;-
-49.525556;-28.489444;Sturnira lilium;UNESC;-
-48.453889;-27.504444;Sturnira lilium;UNESC;-
-48.690278;-26.871111;Sturnira lilium;UNESC;-
-48.686944;-26.839167;Sturnira lilium;UNESC;-
-48.794167;-26.471667;Sturnira lilium;UNESC;-
-49.432222;-28.69;Sturnira lilium;UNESC;-
-49.309722;-28.781111;Sturnira lilium;UNESC;-
-49.411389;-28.714167;Sturnira lilium;UNESC;-
-49.444167;-26.591944;Sturnira lilium;UNESC;-
-49.266667;-28.533333;Sturnira lilium;UNESC;-
-48.698611;-26.730556;Sturnira lilium;UNESC;-
-49.646944;-28.8975;Sturnira lilium;UNESC;-
-48.935833;-28.604722;Sturnira lilium;UNESC;-
-50.9866047;-27.6270557;Sturnira lilium;FURB;-
-52.8599756;-26.8817187;Sturnira lilium;FURB;-
-53.0112648;-27.24547299;Sturnira lilium;FURB;-
-48.66960526;-27.49944032;Sturnira lilium;FURB;-
-49.09315;-27.052057;Sturnira lilium;FURB;-
-49.114639;-26.865036;Sturnira lilium;FURB;-
-48.5294135;-27.1793352;Sturnira lilium;FURB;-
-49.272142;-26.191662;Sturnira lilium;FURB;-
-50.852598;-28.007775;Sturnira lilium;FURB;-
-52.8740195;-27.1728962;Sturnira lilium;FURB;-
-51.007341;-27.889711;Sturnira lilium;FURB;-
-52.7082221;-27.166352;Sturnira lilium;FURB;-
-49.3248697;-28.6007346;Sturnira lilium;FURB;-
-51.9528521;-27.2660595;Sturnira lilium;FURB;-
-52.7028055;-26.9058932;Sturnira lilium;FURB;-
-49.252428;-26.427656;Sturnira lilium;FURB;-
-50.621777;-27.463446;Sturnira lilium;FURB;-
-49.485014;-26.713041;Sturnira lilium;FURB;-
-48.50532532;-27.61540601;Sturnira lilium;FURB;-
-48.53343487;-27.73140099;Sturnira lilium;FURB;-
-48.49650621;-27.77898709;Sturnira lilium;FURB;-
-48.8545202;-26.0294904;Sturnira lilium;FURB;-
-49.0294468;-26.8652381;Sturnira lilium;FURB;-
-48.9566824;-26.9307306;Sturnira lilium;FURB;-
-48.93949986;-26.88020099;Sturnira lilium;FURB;-
-48.551539;-27.316626;Sturnira lilium;FURB;-
-49.0226703;-27.1286985;Sturnira lilium;FURB;-
-49.002628;-26.468753;Sturnira lilium;FURB;-
-52.8079319;-27.1636407;Sturnira lilium;FURB;-
-49.520352;-27.133467;Sturnira lilium;FURB;-
-49.2318821;-26.93140602;Sturnira lilium;FURB;-
-52.556009;-26.66869;Sturnira lilium;FURB;-
-49.7603204;-28.999338;Sturnira lilium;FURB;-
-49.5306;-27.1353;Sturnira lilium;FURB;-
-49.5167;-28.6167;Sturnira lilium;FURB;-
-50.2697;-29.8867;Sturnira lilium;FURB;-
-48.69;-27.81;Sturnira lilium;FURB;-
-48.69;-27.72;Sturnira lilium;FURB;-
-51.936941;-26.69769;Sturnira lilium;FURB;-
-49.1625;-26.7739;Sturnira lilium;FURB;-
-48.5528;-27.1581;Sturnira lilium;FURB;-
-52.608143;-26.677025;Sturnira lilium;FURB;-
-49.0333;-27.6833;Sturnira lilium;FURB;-
-53.055729;-27.145612;Sturnira lilium;FURB;-
-49.7;-29.1361;Sturnira lilium;FURB;-
-48.808186;-27.730043;Sturnira lilium;FURB;-
-49.2832;-26.2563;Sturnira lilium;FURB;-
-52.543247;-26.614074;Sturnira lilium;FURB;-
-48.655193;-26.29824;Sturnira lilium;FURB;-
-48.530879;-26.26817;Sturnira lilium;FURB;-
-50.684519;-27.698587;Sturnira lilium;FURB;-
-50.3828;-25.8744;Sturnira lilium;FURB;-
-49.55376;-28.607792;Sturnira lilium;FURB;-
-51.293763;-27.100498;Sturnira lilium;FURB;-
-49.2117;-26.7681;Sturnira lilium;FURB;-
-49.8472;-28.8303;Sturnira lilium;B?lla et al.;2017
-49.6833;-28.9333;Sturnira lilium;B?lla et al.;2017
-49.5;-28.65;Sturnira lilium;B?lla et al.;2017
-49.4333;-28.5833;Sturnira lilium;B?lla et al.;2017
-49.378141;-28.68426;Sturnira lilium;B?lla et al.;2017
-49.024953;-28.616736;Sturnira lilium;Carvalho et al.;2009
-49.4575;-28.5156;Sturnira lilium;B?lla et al.;2017
-49.3167;-28.5167;Sturnira lilium;B?lla et al.;2017
-49.185;-28.4358;Sturnira lilium;Carvalho et al.;2013
-49.333333;-25.983333;Sturnira lilium;Miretzki;2003
-49.233333;-25.516667;Sturnira lilium;Miretzki;2003
-49.233333;-25.383333;Sturnira lilium;Miretzki;2003
-48.75;-25.216667;Sturnira lilium;Miretzki;2003
-49.233333;-25.483333;Sturnira lilium;Miretzki;2003
-49.216667;-25.416667;Sturnira lilium;Miretzki;2003
-48.9;-25.816667;Sturnira lilium;Miretzki;2003
-49.266667;-25.4;Sturnira lilium;Miretzki;2003
-51.983333;-26.483333;Sturnira lilium;Miretzki;2003
-50.866667;-25.866667;Sturnira lilium;Miretzki;2003
-48.583333;-25.25;Sturnira lilium;Miretzki;2003
-52.133333;-25.766667;Sturnira lilium;Miretzki;2003
-48.5;-25.666667;Sturnira lilium;Miretzki;2003
-49.216667;-25.283333;Sturnira lilium;Miretzki;2003
-49.216667;-25.45;Sturnira lilium;Miretzki;2003
-49.366667;-25.35;Sturnira lilium;Miretzki;2003
-49.183333;-25.916667;Sturnira lilium;Miretzki;2003
-48.75;-25.75;Sturnira lilium;Miretzki;2003
-48.866667;-25.416667;Sturnira lilium;Miretzki;2003
-48.983333;-25.483333;Sturnira lilium;Miretzki;2003
-49.283333;-25.416667;Sturnira lilium;Miretzki;2003
-50;-25.416667;Sturnira lilium;Miretzki;2003
-50.033333;-25.25;Sturnira lilium;Miretzki;2003
-49.05;-25.433333;Sturnira lilium;Miretzki;2003
-48.85;-25.433333;Sturnira lilium;Miretzki;2003
-49.05;-25.3;Sturnira lilium;Miretzki;2003
-52.016667;-25.833333;Sturnira lilium;Miretzki;2003
-48.733333;-25.8;Sturnira lilium;Miretzki;2003
-49.316667;-25.416667;Sturnira lilium;Miretzki;2003
-48.566667;-25.8;Sturnira lilium;Miretzki;2003
-49.166667;-25.433333;Sturnira lilium;Miretzki;2003
-49.25;-25.466667;Sturnira lilium;Miretzki;2003
-53.18345;-27.361935;Sturnira lilium;Noronha;2016
-49.863794;-29.367134;Sturnira lilium;Noronha;2016
-49.937757;-29.210591;Sturnira lilium;Noronha;2016
-50.214467;-29.650516;Sturnira lilium;Noronha;2016
-50.52658;-29.826862;Sturnira lilium;Noronha;2016
-50.779692;-29.655167;Sturnira lilium;Noronha;2016
-49.832478;-29.301122;Sturnira lilium;Noronha;2016
-53.896539;-27.250267;Sturnira lilium;Noronha;2016
-53.133568;-27.707996;Sturnira lilium;Noronha;2016
-52.77679;-27.365134;Sturnira lilium;Noronha;2016
-51.439206;-27.673341;Sturnira lilium;Noronha;2016
-50.588729;-29.451421;Sturnira lilium;Noronha;2016
-54.283333;-25.966667;Sturnira lilium;Barquez;1999
-54.166667;-26.966667;Sturnira lilium;Barquez;1999
-53.8;-26.833333;Sturnira lilium;Barquez;1999
-48.552777;-25.582322;Sturnira lilium;Gon?alves et al;2018
-48.670556;-26.2775;Sturnira lilium;Gon?alves et al;2018
-48.895278;-26.486944;Sturnira lilium;Gon?alves et al;2018
-48.620278;-26.807778;Sturnira lilium;Gon?alves et al;2018
-48.541389;-27.300556;Sturnira lilium;Gon?alves et al;2018
-48.466111;-27.516944;Sturnira lilium;Gon?alves et al;2018
-49.3;-28.533333;Sturnira lilium;Gon?alves et al;2018
-48.973333;-28.585278;Sturnira lilium;Gon?alves et al;2018
-49.395;-28.594167;Sturnira lilium;Gon?alves et al;2018
-48.988611;-28.633333;Sturnira lilium;Gon?alves et al;2018
-49.703889;-28.672222;Sturnira lilium;Gon?alves et al;2018
-49.929722;-28.788611;Sturnira lilium;Gon?alves et al;2018
-49.757778;-28.828333;Sturnira lilium;Gon?alves et al;2018
-49.677222;-28.891944;Sturnira lilium;Gon?alves et al;2018
-50.046389;-29.202222;Sturnira lilium;Gon?alves et al;2018
-49.349234;-26.398513;Sturnira lilium;GBIF;https://doi.org/10.15468/dl.jsp88q
-54.249716;-25.837081;Sturnira lilium;GBIF;https://doi.org/10.15468/dl.jsp88q
-50.9;-29.45;Sturnira lilium;GBIF;https://doi.org/10.15468/dl.jsp88q
-48.91667;-25.75;Sturnira lilium;GBIF;https://doi.org/10.15468/dl.jsp88q
-53.708583;-26.132784;Sturnira lilium;GBIF;https://doi.org/10.15468/dl.jsp88q
-54.10411;-26.620424;Sturnira lilium;GBIF;https://doi.org/10.15468/dl.jsp88q
-54.5;-26.98333;Sturnira lilium;GBIF;https://doi.org/10.15468/dl.jsp88q
-54.17317;-26.37299;Sturnira lilium;GBIF;https://doi.org/10.15468/dl.jsp88q
-54.34146;-25.84247;Sturnira lilium;GBIF;https://doi.org/10.15468/dl.jsp88q
-54.65;-27.26667;Sturnira lilium;GBIF;https://doi.org/10.15468/dl.jsp88q
-54.049365;-27.215731;Sturnira lilium;GBIF;https://doi.org/10.15468/dl.jsp88q
-50.83417;-28.032377;Sturnira lilium;Reus;2009
-50.71444;-28.295769;Sturnira lilium;Reus;2009
-51.14516;-27.790466;Sturnira lilium;Reus;2009
-49.07266;-26.921735;Sturnira lilium;Gruener et al;2012
-49.083333;-26.916667;Sturnira lilium;Gruener et al;2012
-49.149167;-27.05;Sturnira lilium;Althoff;2007
-49.111944;-27.059167;Sturnira lilium;Althoff;2007
-49.104868;-26.88503;Sturnira lilium;Cherem et al.;2004
-52.879069;-27.161307;Sturnira lilium;Cherem et al.;2004
-48.537919;-27.595594;Sturnira lilium;Cherem et al.;2004
-48.840653;-26.301041;Sturnira lilium;Cherem et al.;2004
-49.49884;-28.63749;Sturnira lilium;Cherem et al.;2004
-49.012555;-27.672825;Sturnira lilium;Cherem et al.;2004
-49.720348;-29.135455;Sturnira lilium;Cherem et al.;2004
-48.816667;-27.716667;Sturnira lilium;Cherem et al.;2011
-54.9525;-27.088056;Sturnira lilium;Cirignoli et al.;2011
-53.878976;-25.458903;Sturnira lilium;Sekiama et al;2001
-48.798359;-26.848146;Sturnira lilium;FURB;-
-48.78262;-26.83744;Sturnira lilium;FURB;-
-48.968381;-26.918346;Sturnira lilium;FURB;-
-48.99853;-26.874073;Sturnira lilium;FURB;-
-49.007635;-26.869085;Sturnira lilium;FURB;-
-49.018005;-26.877489;Sturnira lilium;FURB;-
-49.051223;-26.8561;Sturnira lilium;FURB;-
-49.177389;-26.871494;Sturnira lilium;FURB;-
-49.188794;-26.872615;Sturnira lilium;FURB;-
-49.044091;-26.864747;Sturnira lilium;FURB;-
-48.971771;-26.904423;Sturnira lilium;FURB;-
-48.962447;-26.908477;Sturnira lilium;FURB;-
-48.607589;-26.27853;Sturnira lilium;FURB;-
-48.6177;-26.276569;Sturnira lilium;FURB;-
-48.974377;-26.454371;Sturnira lilium;FURB;-
-48.981077;-26.443346;Sturnira lilium;FURB;-
-48.536147;-27.748969;Sturnira lilium;FURB;-
-48.515436;-27.741461;Sturnira lilium;FURB;-
-48.520844;-27.717584;Sturnira lilium;FURB;-
-48.5104;-27.728783;Sturnira lilium;FURB;-
-49.091614;-26.526028;Sturnira lilium;Portal_Da_Biodiversidade;128281
-48.919167;-25.439444;Sturnira lilium;Portal_Da_Biodiversidade;11562
-48.990833;-25.515556;Sturnira lilium;Portal_Da_Biodiversidade;11445
-48.559167;-25.593333;Sturnira lilium;Portal_Da_Biodiversidade;11554
-53.433611;-27.396944;Sturnira lilium;Portal_Da_Biodiversidade;1839
-48.801111;-25.368611;Sturnira lilium;Portal_Da_Biodiversidade;28899
-51.868608;-25.603608;Sturnira lilium;Portal_Da_Biodiversidade;176456
-48.547894;-25.595092;Sturnira lilium;Portal_Da_Biodiversidade;366385
-48.550469;-25.597256;Sturnira lilium;Portal_Da_Biodiversidade;366397
-48.724881;-25.756842;Sturnira lilium;Portal_Da_Biodiversidade;366412
-53.886106;-27.145556;Sturnira lilium;Portal_Da_Biodiversidade;487141
-51.482778;-25.354444;Sturnira lilium;Portal_Da_Biodiversidade;418290
-51.35;-29.733056;Sturnira lilium;Portal_Da_Biodiversidade;579788
-49.177778;-25.672778;Sturnira lilium;Portal_Da_Biodiversidade;33201
-51.29;-25.111942;Sturnira lilium;Portal_Da_Biodiversidade;726268
-51.29;-25.111944;Sturnira lilium;Portal_Da_Biodiversidade;726269
-50.04675;-29.201194;Sturnira lilium;Portal_Da_Biodiversidade;917039
-54.434875;-25.679781;Sturnira lilium;Portal_Da_Biodiversidade;91707
-50.060278;-25.259717;Sturnira lilium;Portal_Da_Biodiversidade;116056
-50.060278;-25.259719;Sturnira lilium;Portal_Da_Biodiversidade;116094
-52.457328;-28.241367;Sturnira lilium;Portal_Da_Biodiversidade;111940
-49.183331;-28.433331;Sturnira lilium;Portal_Da_Biodiversidade;146636
-50.416667;-28.683333;Sturnira lilium;Portal_Da_Biodiversidade;148789
-50.266667;-29.883333;Sturnira lilium;Portal_Da_Biodiversidade;149541
-51.866667;-27.033056;Sturnira lilium;Portal_Da_Biodiversidade;159855
-51.116667;-29.366667;Sturnira lilium;Portal_Da_Biodiversidade;165526
-49.452167;-28.547808;Sturnira lilium;Portal_Da_Biodiversidade;136075
-49.388611;-28.708889;Sturnira lilium;Portal_Da_Biodiversidade;4049
-49.202493;-27.11066;Sturnira lilium;Portal_Da_Biodiversidade;452941
-51.783333;-26.65;Sturnira lilium;Portal_Da_Biodiversidade;176802
-50.207219;-29.675;Sturnira lilium;Portal_Da_Biodiversidade;515165
-49.379038;-26.250757;Sturnira lilium;Portal_Da_Biodiversidade;525306
-49.426953;-28.704589;Sturnira lilium;Portal_Da_Biodiversidade;43920
-50.425503;-25.825167;Sturnira lilium;Portal_Da_Biodiversidade;491928
-48.283331;-25.15;Sturnira lilium;Portal_Da_Biodiversidade;549204
-48.697992;-26.244556;Sturnira lilium;Portal_Da_Biodiversidade;308777
-51.265803;-27.101456;Sturnira lilium;Portal_Da_Biodiversidade;308781
-48.524964;-26.250692;Sturnira lilium;Portal_Da_Biodiversidade;308954
-49.57105;-27.036117;Sturnira lilium;Portal_Da_Biodiversidade;308959
-52.544278;-26.652981;Sturnira lilium;Portal_Da_Biodiversidade;308976
-52.546303;-26.657767;Sturnira lilium;Portal_Da_Biodiversidade;308981
-49.515175;-27.038206;Sturnira lilium;Portal_Da_Biodiversidade;308985
-49.292767;-26.441028;Sturnira lilium;Portal_Da_Biodiversidade;308989
-49.199722;-27.064167;Sturnira lilium;Portal_Da_Biodiversidade;735778
-49.666667;-26.7;Sturnira lilium;Portal_Da_Biodiversidade;82416
-52.600592;-27.186658;Sturnira lilium;Portal_Da_Biodiversidade;80978
-52.780986;-27.087847;Sturnira lilium;Portal_Da_Biodiversidade;81000
-52.780756;-27.081008;Sturnira lilium;Portal_Da_Biodiversidade;81008
-52.75225;-27.106917;Sturnira lilium;Portal_Da_Biodiversidade;81054
-52.787358;-27.096367;Sturnira lilium;Portal_Da_Biodiversidade;81069
-53.931111;-28.385833;Sturnira lilium;Portal_Da_Biodiversidade;445403
-48.973056;-28.585278;Sturnira lilium;Portal_Da_Biodiversidade;907923
-51.528889;-25.108861;Sturnira lilium;Portal_Da_Biodiversidade;961587
-51.46675;-25.352611;Sturnira lilium;Portal_Da_Biodiversidade;961593
-49.066389;-26.919722;Sturnira lilium;Portal_Da_Biodiversidade;955404
-48.805942;-27.734342;Sturnira lilium;Portal_Da_Biodiversidade;955489
-51.020556;-27.5875;Sturnira lilium;Portal_Da_Biodiversidade;956137
-48.980833;-27.085556;Sturnira lilium;Portal_Da_Biodiversidade;956172
-49.5175;-27.056667;Sturnira lilium;Portal_Da_Biodiversidade;956619
-52.454722;-26.631111;Sturnira lilium;Portal_Da_Biodiversidade;956713
-49.378333;-26.25;Sturnira lilium;Portal_Da_Biodiversidade;956767
-52.531389;-26.557778;Sturnira lilium;Portal_Da_Biodiversidade;956861
-48.808;-25.383;Sturnira tildae;Muylaert et al.;2017
-48.91900376;-25.4405836;Sturnira tildae;Muylaert et al.;2017
-48.55;-25.583333;Sturnira tildae;Muylaert et al.;2017
-48.716667;-25.75;Sturnira tildae;Muylaert et al.;2017
-51.59;-25.91;Sturnira tildae;Muylaert et al.;2017
-49.08;-27.06;Sturnira tildae;Muylaert et al.;2017
-48.794167;-26.471667;Sturnira tildae;UNESC;-
-48.670278;-26.2775;Sturnira tildae;UNESC;-
-49.09315;-27.052057;Sturnira tildae;FURB;-
-49.252428;-26.427656;Sturnira tildae;FURB;-
-48.9566824;-26.9307306;Sturnira tildae;FURB;-
-48.93949986;-26.88020099;Sturnira tildae;FURB;-
-48.551539;-27.316626;Sturnira tildae;FURB;-
-49.002628;-26.468753;Sturnira tildae;FURB;-
-49.2318821;-26.93140602;Sturnira tildae;FURB;-
-48.808186;-27.730043;Sturnira tildae;FURB;-
-49.2832;-26.2563;Sturnira tildae;FURB;-
-48.866667;-25.416667;Sturnira tildae;Miretzki;2003
-48.895278;-26.486944;Sturnira tildae;Gon?alves et al;2018
-48.686667;-26.843333;Sturnira tildae;Gon?alves et al;2018
-49.3786;-26.2503;Sturnira tildae;SpeciesLink;28/04/2020
-49.149167;-27.05;Sturnira tildae;Althoff;2007
-49.111944;-27.059167;Sturnira tildae;Althoff;2007
-48.816667;-27.716667;Sturnira tildae;Cherem et al.;2011
-48.798359;-26.848146;Sturnira tildae;FURB;-
-48.965146;-26.914572;Sturnira tildae;FURB;-
-49.177389;-26.871494;Sturnira tildae;FURB;-
-49.007635;-26.869085;Sturnira tildae;FURB;-
-48.99853;-26.874073;Sturnira tildae;FURB;-
-48.981077;-26.443346;Sturnira tildae;FURB;-
-48.974377;-26.454371;Sturnira tildae;FURB;-
-48.573461;-26.367483;Sturnira tildae;Portal_Da_Biodiversidade;473600
-48.571828;-26.329769;Sturnira tildae;Portal_Da_Biodiversidade;473640
-48.801111;-25.368611;Sturnira tildae;Portal_Da_Biodiversidade;28900
-48.550469;-25.597256;Sturnira tildae;Portal_Da_Biodiversidade;366402
-48.724881;-25.756842;Sturnira tildae;Portal_Da_Biodiversidade;366426
-51.29;-25.111942;Sturnira tildae;Portal_Da_Biodiversidade;726295
-48.283331;-25.15;Sturnira tildae;Portal_Da_Biodiversidade;549201
-49.292767;-26.441028;Sturnira tildae;Portal_Da_Biodiversidade;309007
-51.594667;-25.911667;Sturnira tildae;Portal_Da_Biodiversidade;880775
-48.805942;-27.734342;Sturnira tildae;Portal_Da_Biodiversidade;955490
-49.378333;-26.25;Sturnira tildae;Portal_Da_Biodiversidade;956802
-49.199722;-27.064167;Sturnira tildae;Portal_Da_Biodiversidade;989949
-48.53343487;-27.73140099;Tonatia bidens;Althoff;2007
-48.514829;-27.731997;Tonatia bidens;FURB;-
-48.866667;-25.416667;Tonatia bidens;Miretzki;2003
-54.9525;-27.088056;Tonatia bidens;Cirignoli et al.;2011
-53.878976;-25.458903;Tonatia bidens;Sekiama et al;2001
-48.3289;-25.3067;Tonatia bidens;SpeciesLink;28/04/2020
-51.868608;-25.603608;Tonatia bidens;Portal_Da_Biodiversidade;176457
-48.91900376;-25.4405836;Trachops cirrhosus;Muylaert et al.;2017
-48.283331;-25.15;Trachops cirrhosus;Portal_Da_Biodiversidade;549249
-48.808;-25.383;Vampyressa pusilla;Muylaert et al.;2017
-48.519167;-25.785;Vampyressa pusilla;Muylaert et al.;2017
-49.08;-27.06;Vampyressa pusilla;Muylaert et al.;2017
-49.185358;-27.109626;Vampyressa pusilla;Muylaert et al.;2017
-49.25528;-28.48361;Vampyressa pusilla;Muylaert et al.;2017
-49.432222;-28.69;Vampyressa pusilla;UNESC;-
-49.928611;-28.788333;Vampyressa pusilla;UNESC;-
-53.0112648;-27.24547299;Vampyressa pusilla;FURB;-
-48.66960526;-27.49944032;Vampyressa pusilla;FURB;-
-49.09315;-27.052057;Vampyressa pusilla;FURB;-
-48.53343487;-27.73140099;Vampyressa pusilla;FURB;-
-48.9566824;-26.9307306;Vampyressa pusilla;FURB;-
-48.93949986;-26.88020099;Vampyressa pusilla;FURB;-
-48.551539;-27.316626;Vampyressa pusilla;FURB;-
-49.520352;-27.133467;Vampyressa pusilla;FURB;-
-49.2318821;-26.93140602;Vampyressa pusilla;FURB;-
-48.60894442;-26.18028129;Vampyressa pusilla;FURB;-
-49.5167;-28.6167;Vampyressa pusilla;FURB;-
-48.69;-27.72;Vampyressa pusilla;FURB;-
-48.808186;-27.730043;Vampyressa pusilla;FURB;-
-49.2832;-26.2563;Vampyressa pusilla;FURB;-
-48.6275;-27.6153;Vampyressa pusilla;FURB;-
-49.2967;-26.8017;Vampyressa pusilla;FURB;-
-49.8472;-28.8303;Vampyressa pusilla;B?lla et al.;2017
-49.5;-28.65;Vampyressa pusilla;B?lla et al.;2017
-49.185;-28.4358;Vampyressa pusilla;Carvalho et al.;2013
-48.583333;-25.25;Vampyressa pusilla;Miretzki;2003
-48.866667;-25.416667;Vampyressa pusilla;Miretzki;2003
-48.85;-25.433333;Vampyressa pusilla;Miretzki;2003
-49.863794;-29.367134;Vampyressa pusilla;Noronha;2016
-50.214467;-29.650516;Vampyressa pusilla;Noronha;2016
-53.9;-27.133333;Vampyressa pusilla;Barquez;1999
-48.552777;-25.582322;Vampyressa pusilla;Gon?alves et al;2018
-48.686667;-26.843333;Vampyressa pusilla;Gon?alves et al;2018
-48.541389;-27.300556;Vampyressa pusilla;Gon?alves et al;2018
-49.757778;-28.828333;Vampyressa pusilla;Gon?alves et al;2018
-49.149167;-27.05;Vampyressa pusilla;Althoff;2007
-49.111944;-27.059167;Vampyressa pusilla;Althoff;2007
-49.104868;-26.88503;Vampyressa pusilla;Cherem et al.;2004
-49.49884;-28.63749;Vampyressa pusilla;Cherem et al.;2004
-48.777488;-27.686408;Vampyressa pusilla;Cherem et al.;2004
-48.816667;-27.716667;Vampyressa pusilla;Cherem et al.;2011
-48.99853;-26.874073;Vampyressa pusilla;FURB;-
-49.007635;-26.869085;Vampyressa pusilla;FURB;-
-49.035908;-26.860726;Vampyressa pusilla;FURB;-
-48.798359;-26.848146;Vampyressa pusilla;FURB;-
-49.177389;-26.871494;Vampyressa pusilla;FURB;-
-49.053693;-26.864663;Vampyressa pusilla;FURB;-
-49.188794;-26.872615;Vampyressa pusilla;FURB;-
-48.607589;-26.27853;Vampyressa pusilla;FURB;-
-52.65;-27.124;Vampyressa pusilla;FURB;-
-52.359;-27.021;Vampyressa pusilla;FURB;-
-48.508023;-27.720043;Vampyressa pusilla;FURB;-
-48.536147;-27.748969;Vampyressa pusilla;FURB;-
-48.801111;-25.368611;Vampyressa pusilla;Portal_Da_Biodiversidade;28913
-48.550469;-25.597256;Vampyressa pusilla;Portal_Da_Biodiversidade;366400
-49.266364;-28.500825;Vampyressa pusilla;Portal_Da_Biodiversidade;43975
-48.283331;-25.15;Vampyressa pusilla;Portal_Da_Biodiversidade;549197
-49.199722;-27.064167;Vampyressa pusilla;Portal_Da_Biodiversidade;735781
-48.805942;-27.734342;Vampyressa pusilla;Portal_Da_Biodiversidade;955491
-49.5175;-27.056667;Vampyressa pusilla;Portal_Da_Biodiversidade;956628
-49.378333;-26.25;Vampyressa pusilla;Portal_Da_Biodiversidade;956773
-48.808;-25.383;Vampyrodes caraccioli;Muylaert et al.;2017
-49.3531;-26.4061;Vampyrodes caraccioli;Althoff et al.;2017
-49.307784;-26.323441;Vampyrodes caraccioli;Althoff et al.;2017
